,Year,YearCE,Month,Day,Lat,VSSI,Sigma VSSI,Duration,Hemi
0,1892.0,1892.0,1.0,1.0,5.0,4.44,1.01,0.0,1.28
1,1886.0,1886.0,1.0,1.0,-38.0,1.04,0.23,0.0,-1.0
2,1884.0,1884.0,1.0,1.0,-6.0,9.09,2.3,0.0,1.92
3,1876.0,1876.0,1.0,1.0,-37.0,0.28,0.06,0.0,-1.0
4,1863.0,1863.0,1.0,1.0,0.0,5.74,1.61,0.0,2.99
5,1861.0,1861.0,1.0,1.0,-37.0,0.24,0.05,0.0,-1.0
6,1855.0,1855.0,1.0,1.0,42.0,2.26,0.83,0.0,-1.0
7,1844.0,1844.0,1.0,1.0,48.0,1.45,0.53,0.0,-1.0
8,1835.0,1835.0,1.0,1.0,13.0,5.6,1.29,0.0,1.34
9,1831.0,1831.0,1.0,1.0,20.0,17.75,5.92,0.0,9.86
10,1822.0,1822.0,1.0,1.0,5.0,1.22,0.27,0.0,-1.0
11,1815.0,1815.0,1.0,1.0,-8.0,36.95,7.41,0.0,0.74
12,1809.0,1809.0,1.0,1.0,5.0,17.05,3.84,0.0,1.24
13,1795.0,1795.0,1.0,1.0,48.0,1.06,0.39,0.0,-1.0
14,1783.0,1783.0,1.0,1.0,64.0,11.07,4.06,0.0,-1.0
15,1767.0,1767.0,1.0,1.0,64.0,2.63,0.96,0.0,-1.0
16,1762.0,1762.0,1.0,1.0,5.0,5.45,1.37,0.0,1.87
17,1754.0,1754.0,1.0,1.0,64.0,1.74,0.64,0.0,-1.0
18,1739.0,1739.0,1.0,1.0,43.0,3.81,1.4,0.0,-1.0
19,1729.0,1729.0,1.0,1.0,48.0,4.27,1.56,0.0,-1.0
20,1719.0,1719.0,1.0,1.0,64.0,1.02,0.37,0.0,-1.0
21,1702.0,1702.0,1.0,1.0,48.0,1.15,0.42,0.0,-1.0
22,1694.0,1694.0,1.0,1.0,5.0,18.07,4.08,0.0,1.25
23,1673.0,1673.0,1.0,1.0,2.0,5.78,1.36,0.0,1.47
24,1666.0,1666.0,1.0,1.0,43.0,4.03,1.48,0.0,-1.0
25,1661.0,1661.0,1.0,1.0,5.0,4.62,1.27,0.0,2.78
26,1646.0,1646.0,1.0,1.0,48.0,1.68,0.61,0.0,-1.0
27,1641.0,1641.0,1.0,1.0,6.0,22.05,6.96,0.0,5.96
28,1634.0,1634.0,1.0,1.0,48.0,1.87,0.69,0.0,-1.0
29,1621.0,1621.0,1.0,1.0,-37.0,1.8,0.4,0.0,-1.0
30,1600.0,1600.0,1.0,1.0,-17.0,16.94,4.1,0.0,1.63
31,1594.0,1594.0,1.0,1.0,5.0,9.62,1.97,0.0,0.83
32,1591.0,1591.0,1.0,1.0,-37.0,0.43,0.09,0.0,-1.0
33,1586.0,1586.0,1.0,1.0,20.0,10.9,3.8,0.0,19.41
34,1577.0,1577.0,1.0,1.0,-37.0,0.25,0.06,0.0,-1.0
35,1568.0,1568.0,1.0,1.0,48.0,2.13,0.78,0.0,-1.0
36,1559.0,1559.0,1.0,1.0,-37.0,0.22,0.05,0.0,-1.0
37,1555.0,1555.0,1.0,1.0,-37.0,0.23,0.05,0.0,-1.0
38,1540.0,1540.0,1.0,1.0,5.0,2.42,0.57,0.0,1.5
39,1527.0,1527.0,1.0,1.0,48.0,0.95,0.35,0.0,-1.0
40,1512.0,1512.0,1.0,1.0,64.0,2.99,0.84,0.0,3.05
41,1505.0,1505.0,1.0,1.0,-37.0,0.82,0.18,0.0,-1.0
42,1495.0,1495.0,1.0,1.0,48.0,1.02,0.37,0.0,-1.0
43,1490.0,1490.0,1.0,1.0,-37.0,0.83,0.18,0.0,-1.0
44,1480.0,1480.0,1.0,1.0,48.0,4.27,1.56,0.0,-1.0
45,1477.0,1477.0,1.0,1.0,-37.0,2.02,0.44,0.0,-1.0
46,1477.0,1477.0,1.0,1.0,65.0,5.38,1.97,0.0,-1.0
47,1470.0,1470.0,1.0,1.0,48.0,1.74,0.64,0.0,-1.0
48,1458.0,1458.0,1.0,1.0,-17.0,37.49,7.68,0.0,0.83
49,1453.0,1453.0,1.0,1.0,5.0,10.77,3.08,0.0,3.3
50,1447.0,1447.0,1.0,1.0,-37.0,0.44,0.1,0.0,-1.0
51,1428.0,1428.0,1.0,1.0,48.0,0.65,0.24,0.0,-1.0
52,1418.0,1418.0,1.0,1.0,48.0,0.98,0.36,0.0,-1.0
53,1414.0,1414.0,1.0,1.0,-37.0,0.4,0.09,0.0,-1.0
54,1390.0,1390.0,1.0,1.0,-37.0,0.56,0.12,0.0,-1.0
55,1385.0,1385.0,1.0,1.0,5.0,2.67,0.83,0.0,5.35
56,1381.0,1381.0,1.0,1.0,-37.0,0.25,0.06,0.0,-1.0
57,1378.0,1378.0,1.0,1.0,5.0,2.72,0.69,0.0,1.92
58,1344.0,1344.0,1.0,1.0,5.0,14.32,3.28,0.0,1.32
59,1342.0,1342.0,1.0,1.0,48.0,1.8,0.66,0.0,-1.0
60,1336.0,1336.0,1.0,1.0,-37.0,0.29,0.06,0.0,-1.0
61,1330.0,1330.0,1.0,1.0,5.0,9.61,3.27,0.0,12.79
62,1290.0,1290.0,1.0,1.0,-37.0,1.34,0.29,0.0,-1.0
63,1284.0,1284.0,1.0,1.0,5.0,14.42,3.13,0.0,1.06
64,1276.0,1276.0,1.0,1.0,5.0,10.67,2.01,0.0,0.35
65,1269.0,1269.0,1.0,1.0,5.0,6.54,1.43,0.0,-1.0
66,1265.0,1265.0,1.0,1.0,48.0,1.04,0.38,0.0,-1.0
67,1258.0,1258.0,1.0,1.0,-8.0,75.31,19.7,0.0,2.21
68,1241.0,1241.0,1.0,1.0,-37.0,0.58,0.13,0.0,-1.0
69,1234.0,1234.0,1.0,1.0,-37.0,0.21,0.05,0.0,-1.0
70,1229.0,1229.0,1.0,1.0,5.0,30.4,7.82,0.0,2.06
71,1227.0,1227.0,1.0,1.0,-37.0,0.24,0.05,0.0,-1.0
72,1214.0,1214.0,1.0,1.0,48.0,0.97,0.35,0.0,-1.0
73,1209.0,1209.0,1.0,1.0,48.0,4.28,1.57,0.0,-1.0
74,1205.0,1205.0,1.0,1.0,48.0,1.0,0.37,0.0,-1.0
75,1199.0,1199.0,1.0,1.0,48.0,5.26,1.93,0.0,-1.0
76,1191.0,1191.0,1.0,1.0,5.0,8.29,1.71,0.0,0.85
77,1188.0,1188.0,1.0,1.0,-37.0,1.05,0.23,0.0,-1.0
78,1181.0,1181.0,1.0,1.0,48.0,11.9,4.36,0.0,-1.0
79,1181.0,1181.0,1.0,1.0,-37.0,0.46,0.1,0.0,-1.0
80,1171.0,1171.0,1.0,1.0,5.0,18.92,4.22,0.0,1.19
81,1152.0,1152.0,1.0,1.0,-37.0,0.19,0.04,0.0,-1.0
82,1146.0,1146.0,1.0,1.0,48.0,1.04,0.38,0.0,-1.0
83,1126.0,1126.0,1.0,1.0,5.0,2.56,0.69,0.0,2.56
84,1115.0,1115.0,1.0,1.0,48.0,1.19,0.44,0.0,-1.0
85,1112.0,1112.0,1.0,1.0,-37.0,0.83,0.18,0.0,-1.0
86,1109.0,1109.0,1.0,1.0,5.0,19.18,6.1,0.0,6.31
87,1091.0,1091.0,1.0,1.0,-37.0,0.34,0.07,0.0,-1.0
88,1081.0,1081.0,1.0,1.0,-37.0,0.49,0.11,0.0,-1.0
89,1065.0,1065.0,1.0,1.0,48.0,0.74,0.27,0.0,-1.0
90,1044.0,1044.0,1.0,1.0,-37.0,0.16,0.03,0.0,-1.0
91,1038.0,1038.0,1.0,1.0,-37.0,1.87,0.41,0.0,-1.0
92,1029.0,1029.0,1.0,1.0,5.0,8.03,2.45,0.0,4.71
93,1022.0,1022.0,1.0,1.0,48.0,1.59,0.58,0.0,-1.0
94,1015.0,1015.0,1.0,1.0,-37.0,0.38,0.08,0.0,-1.0
95,1008.0,1008.0,1.0,1.0,5.0,3.95,1.32,0.0,9.99
96,1006.0,1006.0,1.0,1.0,5.0,1.65,0.44,0.0,2.31
97,1004.0,1004.0,1.0,1.0,64.0,0.16,0.75,24.0,-1.0
98,1002.0,1002.0,1.0,1.0,64.0,0.16,0.78,24.0,-1.0
99,1001.0,1001.0,1.0,1.0,5.0,2.47,0.66,0.0,2.34
100,998.0,998.0,1.0,1.0,64.0,0.21,0.98,24.0,-1.0
101,980.0,980.0,1.0,1.0,48.0,0.95,0.35,0.0,-1.0
102,975.0,975.0,1.0,1.0,-37.0,1.55,0.34,0.0,-1.0
103,960.0,960.0,1.0,1.0,-37.0,1.01,0.22,0.0,-1.0
104,939.0,939.0,1.0,1.0,64.0,16.21,5.94,0.0,-1.0
105,937.0,937.0,1.0,1.0,-37.0,1.22,0.27,0.0,-1.0
106,929.0,929.0,1.0,1.0,-37.0,0.81,0.18,0.0,-1.0
107,927.0,927.0,1.0,1.0,-37.0,0.2,0.04,0.0,-1.0
108,917.0,917.0,1.0,1.0,-37.0,1.49,0.33,0.0,-1.0
109,915.0,915.0,1.0,1.0,5.0,4.83,1.48,0.0,4.85
110,905.0,905.0,1.0,1.0,-37.0,0.21,0.05,0.0,-1.0
111,900.0,900.0,1.0,1.0,5.0,13.52,4.32,0.0,6.58
112,874.0,874.0,1.0,1.0,65.0,3.01,1.11,0.0,-1.0
113,860.0,860.0,1.0,1.0,-37.0,1.2,0.26,0.0,-1.0
114,856.0,856.0,1.0,1.0,-37.0,1.26,0.28,0.0,-1.0
115,852.0,852.0,1.0,1.0,-37.0,0.56,0.12,0.0,-1.0
116,850.0,850.0,1.0,1.0,48.0,7.55,2.77,0.0,-1.0
117,846.0,846.0,1.0,1.0,48.0,1.17,0.43,0.0,-1.0
118,826.0,826.0,1.0,1.0,64.0,0.27,1.29,24.0,-1.0
119,824.0,824.0,1.0,1.0,64.0,0.43,2.04,24.0,-1.0
120,822.0,822.0,1.0,1.0,64.0,0.32,1.52,24.0,-1.0
121,819.0,819.0,1.0,1.0,5.0,7.79,2.42,0.0,5.39
122,818.0,818.0,1.0,1.0,64.0,0.64,3.02,24.0,-1.0
123,816.0,816.0,1.0,1.0,64.0,0.44,2.08,24.0,-1.0
124,803.0,803.0,1.0,1.0,48.0,1.65,0.61,0.0,-1.0
125,800.0,800.0,1.0,1.0,-37.0,0.27,0.06,0.0,-1.0
126,798.0,798.0,1.0,1.0,48.0,2.23,0.82,0.0,-1.0
127,795.0,795.0,1.0,1.0,-37.0,0.53,0.12,0.0,-1.0
128,790.0,790.0,1.0,1.0,-37.0,0.23,0.05,0.0,-1.0
129,782.0,782.0,1.0,1.0,-37.0,4.25,1.56,0.0,-1.0
130,764.0,764.0,1.0,1.0,48.0,2.06,0.76,0.0,-1.0
131,760.0,760.0,1.0,1.0,64.0,0.5,2.35,24.0,-1.0
132,758.0,758.0,1.0,1.0,64.0,0.21,1.01,24.0,-1.0
133,756.0,756.0,1.0,1.0,64.0,0.14,0.66,24.0,-1.0
134,754.0,754.0,1.0,1.0,5.0,2.19,0.68,0.0,5.53
135,752.0,752.0,1.0,1.0,64.0,0.19,0.89,24.0,-1.0
136,750.0,750.0,1.0,1.0,64.0,0.45,2.12,24.0,-1.0
137,748.0,748.0,1.0,1.0,5.0,5.66,1.34,0.0,1.48
138,746.0,746.0,1.0,1.0,64.0,0.13,0.63,24.0,-1.0
139,744.0,744.0,1.0,1.0,-37.0,1.05,0.23,0.0,-1.0
140,725.0,725.0,1.0,1.0,-37.0,0.57,0.12,0.0,-1.0
141,719.0,719.0,1.0,1.0,-37.0,1.35,0.3,0.0,-1.0
142,714.0,714.0,1.0,1.0,-37.0,0.56,0.12,0.0,-1.0
143,712.0,712.0,1.0,1.0,-37.0,0.51,0.11,0.0,-1.0
144,697.0,697.0,1.0,1.0,5.0,3.47,0.74,0.0,0.97
145,694.0,694.0,1.0,1.0,48.0,2.14,0.78,0.0,-1.0
146,688.0,688.0,1.0,1.0,5.0,10.42,3.39,0.0,7.69
147,685.0,685.0,1.0,1.0,-37.0,3.77,0.83,0.0,-1.0
148,682.0,682.0,1.0,1.0,5.0,23.24,5.5,0.0,1.49
149,643.0,643.0,1.0,1.0,-37.0,0.5,0.11,0.0,-1.0
150,632.0,632.0,1.0,1.0,48.0,2.72,1.0,0.0,-1.0
151,629.0,629.0,1.0,1.0,-37.0,0.3,0.07,0.0,-1.0
152,627.0,627.0,1.0,1.0,48.0,13.5,4.95,0.0,-1.0
153,608.0,608.0,1.0,1.0,-37.0,0.81,0.18,0.0,-1.0
154,588.0,588.0,1.0,1.0,5.0,4.72,1.02,0.0,1.03
155,575.0,575.0,1.0,1.0,5.0,26.28,5.54,0.0,0.94
156,540.0,540.0,1.0,1.0,5.0,28.82,7.71,0.0,2.42
157,536.0,536.0,1.0,1.0,48.0,20.54,6.91,0.0,19.07
158,528.0,528.0,1.0,1.0,-37.0,0.32,0.07,0.0,-1.0
159,526.0,526.0,1.0,1.0,5.0,3.83,1.24,0.0,7.63
160,502.0,502.0,1.0,1.0,48.0,3.74,1.37,0.0,-1.0
161,494.0,494.0,1.0,1.0,-37.0,0.8,0.18,0.0,-1.0
162,487.0,487.0,1.0,1.0,-37.0,1.25,0.27,0.0,-1.0
163,470.0,470.0,1.0,1.0,48.0,3.59,1.32,0.0,-1.0
164,466.0,466.0,1.0,1.0,-37.0,0.55,0.12,0.0,-1.0
165,460.0,460.0,1.0,1.0,-37.0,1.29,0.28,0.0,-1.0
166,446.0,446.0,1.0,1.0,-37.0,0.24,0.05,0.0,-1.0
167,434.0,434.0,1.0,1.0,5.0,10.91,2.14,0.0,0.65
168,426.0,426.0,1.0,1.0,48.0,3.98,1.46,0.0,-1.0
169,412.0,412.0,1.0,1.0,48.0,1.87,0.69,0.0,-1.0
170,394.0,394.0,1.0,1.0,-37.0,0.34,0.07,0.0,-1.0
171,382.0,382.0,1.0,1.0,-37.0,0.27,0.06,0.0,-1.0
172,379.0,379.0,1.0,1.0,-37.0,0.31,0.07,0.0,-1.0
173,366.0,366.0,1.0,1.0,-37.0,0.58,0.13,0.0,-1.0
174,360.0,360.0,1.0,1.0,-37.0,1.08,0.24,0.0,-1.0
175,353.0,353.0,1.0,1.0,-37.0,0.42,0.09,0.0,-1.0
176,345.0,345.0,1.0,1.0,-37.0,0.78,0.17,0.0,-1.0
177,332.0,332.0,1.0,1.0,5.0,4.62,0.97,0.0,0.91
178,320.0,320.0,1.0,1.0,48.0,2.02,0.74,0.0,-1.0
179,311.0,311.0,1.0,1.0,48.0,1.05,0.39,0.0,-1.0
180,307.0,307.0,1.0,1.0,-37.0,1.25,0.27,0.0,-1.0
181,304.0,304.0,1.0,1.0,5.0,8.54,1.68,0.0,0.67
182,299.0,299.0,1.0,1.0,5.0,3.39,0.86,0.0,2.01
183,291.0,291.0,1.0,1.0,-37.0,0.42,0.09,0.0,-1.0
184,283.0,283.0,1.0,1.0,-37.0,0.28,0.06,0.0,-1.0
185,279.0,279.0,1.0,1.0,48.0,6.9,2.53,0.0,-1.0
186,266.0,266.0,1.0,1.0,5.0,23.38,7.45,0.0,6.44
187,263.0,263.0,1.0,1.0,5.0,3.43,0.94,0.0,2.66
188,236.0,236.0,1.0,1.0,5.0,12.14,2.55,0.0,0.93
189,229.0,229.0,1.0,1.0,48.0,1.22,0.45,0.0,-1.0
190,218.0,218.0,1.0,1.0,5.0,3.48,1.0,0.0,3.35
191,215.0,215.0,1.0,1.0,-37.0,0.88,0.19,0.0,-1.0
192,206.0,206.0,1.0,1.0,-37.0,2.23,0.49,0.0,-1.0
193,203.0,203.0,1.0,1.0,-37.0,0.8,0.17,0.0,-1.0
194,201.0,201.0,1.0,1.0,-37.0,0.32,0.07,0.0,-1.0
195,191.0,191.0,1.0,1.0,48.0,1.88,0.69,0.0,-1.0
196,187.0,187.0,1.0,1.0,48.0,1.92,0.7,0.0,-1.0
197,174.0,174.0,1.0,1.0,48.0,1.22,0.45,0.0,-1.0
198,169.0,169.0,1.0,1.0,5.0,12.41,2.85,0.0,1.34
199,164.0,164.0,1.0,1.0,-37.0,1.16,0.25,0.0,-1.0
200,161.0,161.0,1.0,1.0,48.0,4.1,1.5,0.0,-1.0
201,150.0,150.0,1.0,1.0,-37.0,0.57,0.12,0.0,-1.0
202,143.0,143.0,1.0,1.0,-37.0,1.87,0.41,0.0,-1.0
203,138.0,138.0,1.0,1.0,-37.0,0.21,0.05,0.0,-1.0
204,124.0,124.0,1.0,1.0,5.0,7.39,1.47,0.0,0.69
205,121.0,121.0,1.0,1.0,-37.0,1.38,0.3,0.0,-1.0
206,105.0,105.0,1.0,1.0,-37.0,0.28,0.06,0.0,-1.0
207,95.0,95.0,1.0,1.0,5.0,2.23,0.61,0.0,2.57
208,88.0,88.0,1.0,1.0,64.0,8.92,3.27,0.0,-1.0
209,83.0,83.0,1.0,1.0,-37.0,0.22,0.05,0.0,-1.0
210,79.0,79.0,1.0,1.0,48.0,2.37,0.87,0.0,-1.0
211,77.0,77.0,1.0,1.0,-37.0,0.45,0.1,0.0,-1.0
212,70.0,70.0,1.0,1.0,-37.0,0.66,0.14,0.0,-1.0
213,61.0,61.0,1.0,1.0,48.0,2.48,0.91,0.0,-1.0
214,58.0,58.0,1.0,1.0,-37.0,1.18,0.26,0.0,-1.0
215,54.0,54.0,1.0,1.0,-37.0,0.87,0.19,0.0,-1.0
216,46.0,46.0,1.0,1.0,48.0,6.47,2.37,0.0,-1.0
217,31.0,31.0,1.0,1.0,-37.0,0.85,0.19,0.0,-1.0
218,15.0,15.0,1.0,1.0,-37.0,0.46,0.1,0.0,-1.0
219,4.0,4.0,1.0,1.0,-37.0,0.26,0.06,0.0,-1.0
220,-9.0,-10.0,1.0,1.0,5.0,6.17,1.29,0.0,0.92
221,-21.0,-22.0,1.0,1.0,-37.0,2.03,0.45,0.0,-1.0
222,-33.0,-34.0,1.0,1.0,-37.0,0.2,0.04,0.0,-1.0
223,-38.0,-39.0,1.0,1.0,48.0,2.73,1.0,0.0,-1.0
224,-48.0,-49.0,1.0,1.0,5.0,56.02,18.88,0.0,11.19
225,-69.0,-70.0,1.0,1.0,48.0,1.17,0.43,0.0,-1.0
226,-73.0,-74.0,1.0,1.0,-37.0,0.21,0.05,0.0,-1.0
227,-78.0,-79.0,1.0,1.0,48.0,1.09,0.4,0.0,-1.0
228,-82.0,-83.0,1.0,1.0,48.0,1.01,0.37,0.0,-1.0
229,-85.0,-86.0,1.0,1.0,-37.0,0.87,0.19,0.0,-1.0
230,-91.0,-92.0,1.0,1.0,48.0,7.53,2.76,0.0,-1.0
231,-100.0,-101.0,1.0,1.0,-37.0,3.03,0.66,0.0,-1.0
232,-106.0,-107.0,1.0,1.0,48.0,1.86,0.68,0.0,-1.0
233,-124.0,-125.0,1.0,1.0,48.0,2.64,0.97,0.0,-1.0
234,-127.0,-128.0,1.0,1.0,5.0,3.62,0.77,0.0,0.96
235,-133.0,-134.0,1.0,1.0,-37.0,0.22,0.05,0.0,-1.0
236,-139.0,-140.0,1.0,1.0,5.0,22.14,7.81,0.0,25.32
237,-144.0,-145.0,1.0,1.0,5.0,14.95,5.35,0.0,39.32
238,-150.0,-151.0,1.0,1.0,5.0,3.54,0.82,0.0,1.38
239,-158.0,-159.0,1.0,1.0,64.0,0.53,2.48,24.0,-1.0
240,-160.0,-161.0,1.0,1.0,64.0,0.67,3.16,24.0,-1.0
241,-163.0,-164.0,1.0,1.0,64.0,0.32,1.49,36.0,-1.0
242,-165.0,-166.0,1.0,1.0,64.0,0.77,3.63,24.0,-1.0
243,-169.0,-170.0,1.0,1.0,64.0,0.97,4.58,48.0,-1.0
244,-172.0,-173.0,1.0,1.0,5.0,18.46,5.46,0.0,3.93
245,-213.0,-214.0,1.0,1.0,5.0,6.78,1.37,0.0,0.76
246,-221.0,-222.0,1.0,1.0,48.0,3.66,1.34,0.0,-1.0
247,-228.0,-229.0,1.0,1.0,-37.0,0.25,0.05,0.0,-1.0
248,-231.0,-232.0,1.0,1.0,-37.0,0.2,0.04,0.0,-1.0
249,-235.0,-236.0,1.0,1.0,-37.0,0.44,0.1,0.0,-1.0
250,-249.0,-250.0,1.0,1.0,5.0,17.9,5.15,0.0,3.39
251,-251.0,-252.0,1.0,1.0,-37.0,0.55,0.12,0.0,-1.0
252,-259.0,-260.0,1.0,1.0,48.0,2.42,0.89,0.0,-1.0
253,-284.0,-285.0,1.0,1.0,48.0,3.8,1.39,0.0,-1.0
254,-293.0,-294.0,1.0,1.0,48.0,3.15,1.15,0.0,-1.0
255,-302.0,-303.0,1.0,1.0,48.0,2.46,0.9,0.0,-1.0
256,-327.0,-328.0,1.0,1.0,48.0,1.17,0.43,0.0,-1.0
257,-333.0,-334.0,1.0,1.0,5.0,4.64,1.36,0.0,3.71
258,-340.0,-341.0,1.0,1.0,-37.0,1.2,0.26,0.0,-1.0
259,-343.0,-344.0,1.0,1.0,-37.0,0.22,0.05,0.0,-1.0
260,-347.0,-348.0,1.0,1.0,-37.0,0.99,0.22,0.0,-1.0
261,-350.0,-351.0,1.0,1.0,5.0,6.56,2.02,0.0,5.04
262,-353.0,-354.0,1.0,1.0,48.0,5.24,1.92,0.0,-1.0
263,-359.0,-360.0,1.0,1.0,-37.0,0.81,0.18,0.0,-1.0
264,-377.0,-378.0,1.0,1.0,-37.0,0.33,0.07,0.0,-1.0
265,-386.0,-387.0,1.0,1.0,-37.0,0.41,0.09,0.0,-1.0
266,-393.0,-394.0,1.0,1.0,5.0,15.77,4.46,0.0,3.11
267,-396.0,-397.0,1.0,1.0,5.0,9.94,3.5,0.0,23.95
268,-406.0,-407.0,1.0,1.0,-37.0,0.22,0.05,0.0,-1.0
269,-411.0,-412.0,1.0,1.0,48.0,1.22,0.45,0.0,-1.0
270,-428.0,-429.0,1.0,1.0,5.0,63.58,13.89,0.0,1.1
271,-435.0,-436.0,1.0,1.0,-37.0,0.45,0.1,0.0,-1.0
272,-447.0,-448.0,1.0,1.0,48.0,2.02,0.74,0.0,-1.0
273,-461.0,-462.0,1.0,1.0,48.0,3.26,1.2,0.0,-1.0
274,-467.0,-468.0,1.0,1.0,-37.0,1.07,0.23,0.0,-1.0
275,-470.0,-471.0,1.0,1.0,-37.0,0.86,0.19,0.0,-1.0
276,-478.0,-479.0,1.0,1.0,48.0,6.35,2.33,0.0,-1.0
277,-482.0,-483.0,1.0,1.0,5.0,5.35,1.11,0.0,0.86
278,-488.0,-489.0,1.0,1.0,48.0,4.14,1.52,0.0,-1.0
279,-493.0,-494.0,1.0,1.0,-37.0,0.91,0.2,0.0,-1.0
280,-503.0,-504.0,1.0,1.0,48.0,1.31,0.48,0.0,-1.0
281,-516.0,-517.0,1.0,1.0,48.0,1.95,0.72,0.0,-1.0
282,-523.0,-524.0,1.0,1.0,-37.0,1.57,0.34,0.0,-1.0
283,-530.0,-531.0,1.0,1.0,-37.0,1.08,0.24,0.0,-1.0
284,-533.0,-534.0,1.0,1.0,48.0,2.17,0.79,0.0,-1.0
285,-541.0,-542.0,1.0,1.0,-37.0,0.19,0.04,0.0,-1.0
286,-571.0,-572.0,1.0,1.0,5.0,23.68,8.35,0.0,24.94
287,-582.0,-583.0,1.0,1.0,5.0,8.67,1.68,0.0,0.58
288,-589.0,-590.0,1.0,1.0,48.0,1.46,0.53,0.0,-1.0
289,-598.0,-599.0,1.0,1.0,48.0,6.81,2.5,0.0,-1.0
290,-605.0,-606.0,1.0,1.0,48.0,8.76,3.21,0.0,-1.0
291,-613.0,-614.0,1.0,1.0,5.0,2.55,0.83,0.0,7.66
292,-616.0,-617.0,1.0,1.0,-37.0,0.22,0.05,0.0,-1.0
293,-628.0,-629.0,1.0,1.0,48.0,5.11,1.87,0.0,-1.0
294,-648.0,-649.0,1.0,1.0,5.0,19.44,5.85,0.0,4.36
295,-654.0,-655.0,1.0,1.0,-37.0,0.21,0.05,0.0,-1.0
296,-660.0,-661.0,1.0,1.0,48.0,7.73,2.84,0.0,-1.0
297,-675.0,-676.0,1.0,1.0,5.0,7.11,2.49,0.0,21.32
298,-705.0,-706.0,1.0,1.0,5.0,7.87,2.26,0.0,3.34
299,-709.0,-710.0,1.0,1.0,48.0,1.86,0.68,0.0,-1.0
300,-714.0,-715.0,1.0,1.0,48.0,4.12,1.51,0.0,-1.0
301,-723.0,-724.0,1.0,1.0,5.0,22.59,6.76,0.0,4.22
302,-729.0,-730.0,1.0,1.0,-37.0,0.51,0.11,0.0,-1.0
303,-732.0,-733.0,1.0,1.0,-37.0,0.17,0.04,0.0,-1.0
304,-742.0,-743.0,1.0,1.0,-37.0,0.19,0.04,0.0,-1.0
305,-750.0,-751.0,1.0,1.0,-37.0,0.47,0.1,0.0,-1.0
306,-755.0,-756.0,1.0,1.0,64.0,0.16,0.74,24.0,-1.0
307,-757.0,-758.0,1.0,1.0,64.0,0.26,1.23,24.0,-1.0
308,-760.0,-761.0,1.0,1.0,64.0,0.57,2.67,36.0,-1.0
309,-762.0,-763.0,1.0,1.0,64.0,0.29,1.36,24.0,-1.0
310,-764.0,-765.0,1.0,1.0,64.0,0.19,0.91,24.0,-1.0
311,-770.0,-771.0,1.0,1.0,5.0,3.23,0.87,0.0,2.44
312,-779.0,-780.0,1.0,1.0,-37.0,0.19,0.04,0.0,-1.0
313,-785.0,-786.0,1.0,1.0,48.0,3.85,1.41,0.0,-1.0
314,-790.0,-791.0,1.0,1.0,-37.0,0.37,0.08,0.0,-1.0
315,-801.0,-802.0,1.0,1.0,48.0,1.22,0.45,0.0,-1.0
316,-810.0,-811.0,1.0,1.0,5.0,2.58,0.71,0.0,2.81
317,-834.0,-835.0,1.0,1.0,48.0,4.6,1.69,0.0,-1.0
318,-847.0,-848.0,1.0,1.0,48.0,8.37,3.07,0.0,-1.0
319,-863.0,-864.0,1.0,1.0,-37.0,0.51,0.11,0.0,-1.0
320,-892.0,-893.0,1.0,1.0,48.0,2.31,0.85,0.0,-1.0
321,-904.0,-905.0,1.0,1.0,-37.0,0.18,0.04,0.0,-1.0
322,-910.0,-911.0,1.0,1.0,48.0,2.08,0.76,0.0,-1.0
323,-921.0,-922.0,1.0,1.0,5.0,2.61,0.69,0.0,2.33
324,-945.0,-946.0,1.0,1.0,48.0,3.2,1.18,0.0,-1.0
325,-957.0,-958.0,1.0,1.0,-37.0,0.19,0.04,0.0,-1.0
326,-963.0,-964.0,1.0,1.0,48.0,0.98,0.36,0.0,-1.0
327,-976.0,-977.0,1.0,1.0,5.0,4.35,1.19,0.0,2.63
328,-984.0,-985.0,1.0,1.0,-37.0,0.44,0.1,0.0,-1.0
329,-988.0,-989.0,1.0,1.0,5.0,2.98,0.89,0.0,4.08
330,-1000.0,-1001.0,1.0,1.0,5.0,7.7,1.92,0.0,1.82
331,-1013.0,-1014.0,1.0,1.0,48.0,2.79,1.02,0.0,-1.0
332,-1017.0,-1018.0,1.0,1.0,-37.0,0.19,0.04,0.0,-1.0
333,-1020.0,-1021.0,1.0,1.0,48.0,3.22,1.18,0.0,-1.0
334,-1035.0,-1036.0,1.0,1.0,5.0,22.58,8.01,0.0,29.24
335,-1040.0,-1041.0,1.0,1.0,-37.0,0.68,0.15,0.0,-1.0
336,-1078.0,-1079.0,1.0,1.0,-37.0,0.22,0.05,0.0,-1.0
337,-1084.0,-1085.0,1.0,1.0,5.0,2.86,0.69,0.0,1.6
338,-1090.0,-1091.0,1.0,1.0,-37.0,0.88,0.19,0.0,-1.0
339,-1097.0,-1098.0,1.0,1.0,48.0,1.66,0.61,0.0,-1.0
340,-1100.0,-1101.0,1.0,1.0,-37.0,1.1,0.24,0.0,-1.0
341,-1104.0,-1105.0,1.0,1.0,48.0,1.73,0.63,0.0,-1.0
342,-1113.0,-1114.0,1.0,1.0,48.0,2.93,1.07,0.0,-1.0
343,-1128.0,-1129.0,1.0,1.0,48.0,1.29,0.47,0.0,-1.0
344,-1140.0,-1141.0,1.0,1.0,48.0,2.73,1.0,0.0,-1.0
345,-1149.0,-1150.0,1.0,1.0,-37.0,0.51,0.11,0.0,-1.0
346,-1158.0,-1159.0,1.0,1.0,-37.0,0.61,0.13,0.0,-1.0
347,-1174.0,-1175.0,1.0,1.0,5.0,32.83,8.43,0.0,2.05
348,-1184.0,-1185.0,1.0,1.0,5.0,3.91,1.09,0.0,2.99
349,-1196.0,-1197.0,1.0,1.0,-37.0,0.18,0.04,0.0,-1.0
350,-1204.0,-1205.0,1.0,1.0,48.0,2.51,0.92,0.0,-1.0
351,-1210.0,-1211.0,1.0,1.0,48.0,1.07,0.39,0.0,-1.0
352,-1236.0,-1237.0,1.0,1.0,48.0,0.95,0.35,0.0,-1.0
353,-1241.0,-1242.0,1.0,1.0,64.0,0.92,4.34,24.0,-1.0
354,-1248.0,-1249.0,1.0,1.0,64.0,0.85,3.98,84.0,-1.0
355,-1250.0,-1251.0,1.0,1.0,64.0,0.24,1.13,24.0,-1.0
356,-1252.0,-1253.0,1.0,1.0,64.0,0.25,1.19,24.0,-1.0
357,-1254.0,-1255.0,1.0,1.0,64.0,0.32,1.51,24.0,-1.0
358,-1255.0,-1256.0,1.0,1.0,5.0,10.74,3.14,0.0,3.68
359,-1258.0,-1259.0,1.0,1.0,5.0,4.48,1.52,0.0,12.02
360,-1261.0,-1262.0,1.0,1.0,64.0,0.53,2.48,24.0,-1.0
361,-1263.0,-1264.0,1.0,1.0,64.0,0.43,2.04,24.0,-1.0
362,-1288.0,-1289.0,1.0,1.0,-37.0,0.65,0.14,0.0,-1.0
363,-1298.0,-1299.0,1.0,1.0,48.0,4.5,1.65,0.0,-1.0
364,-1307.0,-1308.0,1.0,1.0,48.0,4.8,1.76,0.0,-1.0
365,-1312.0,-1313.0,1.0,1.0,48.0,0.87,0.32,0.0,-1.0
366,-1319.0,-1320.0,1.0,1.0,-37.0,0.21,0.05,0.0,-1.0
367,-1324.0,-1325.0,1.0,1.0,-37.0,0.36,0.08,0.0,-1.0
368,-1338.0,-1339.0,1.0,1.0,-37.0,0.35,0.08,0.0,-1.0
369,-1349.0,-1350.0,1.0,1.0,-37.0,0.88,0.19,0.0,-1.0
370,-1363.0,-1364.0,1.0,1.0,-37.0,4.75,1.04,0.0,-1.0
371,-1367.0,-1368.0,1.0,1.0,48.0,1.37,0.5,0.0,-1.0
372,-1403.0,-1404.0,1.0,1.0,-37.0,0.73,0.16,0.0,-1.0
373,-1408.0,-1409.0,1.0,1.0,5.0,18.86,5.04,0.0,2.42
374,-1410.0,-1411.0,1.0,1.0,-37.0,0.21,0.05,0.0,-1.0
375,-1417.0,-1418.0,1.0,1.0,-37.0,2.62,0.57,0.0,-1.0
376,-1424.0,-1425.0,1.0,1.0,48.0,33.49,12.28,0.0,-1.0
377,-1434.0,-1435.0,1.0,1.0,-37.0,0.26,0.06,0.0,-1.0
378,-1437.0,-1438.0,1.0,1.0,-37.0,0.18,0.04,0.0,-1.0
379,-1439.0,-1440.0,1.0,1.0,-37.0,0.18,0.04,0.0,-1.0
380,-1469.0,-1470.0,1.0,1.0,48.0,1.22,0.45,0.0,-1.0
381,-1477.0,-1478.0,1.0,1.0,48.0,1.54,0.56,0.0,-1.0
382,-1500.0,-1501.0,1.0,1.0,-37.0,0.34,0.08,0.0,-1.0
383,-1530.0,-1531.0,1.0,1.0,-37.0,1.26,0.28,0.0,-1.0
384,-1535.0,-1536.0,1.0,1.0,-37.0,1.17,0.26,0.0,-1.0
385,-1538.0,-1539.0,1.0,1.0,5.0,5.88,2.01,0.0,13.87
386,-1552.0,-1553.0,1.0,1.0,5.0,17.64,3.32,0.0,0.4
387,-1555.0,-1556.0,1.0,1.0,64.0,0.6,2.84,24.0,-1.0
388,-1558.0,-1559.0,1.0,1.0,64.0,0.13,0.63,36.0,-1.0
389,-1560.0,-1561.0,1.0,1.0,64.0,0.77,3.63,24.0,-1.0
390,-1561.0,-1562.0,1.0,1.0,5.0,14.03,3.99,0.0,3.19
391,-1573.0,-1574.0,1.0,1.0,-37.0,1.3,0.28,0.0,-1.0
392,-1584.0,-1585.0,1.0,1.0,5.0,24.65,9.04,0.0,-1.0
393,-1596.0,-1597.0,1.0,1.0,-37.0,0.87,0.19,0.0,-1.0
394,-1602.0,-1603.0,1.0,1.0,-37.0,0.67,0.15,0.0,-1.0
395,-1612.0,-1613.0,1.0,1.0,-37.0,0.77,0.17,0.0,-1.0
396,-1625.0,-1626.0,1.0,1.0,-37.0,0.26,0.06,0.0,-1.0
397,-1629.0,-1630.0,1.0,1.0,60.0,22.77,7.13,0.0,5.63
398,-1640.0,-1641.0,1.0,1.0,-37.0,0.21,0.05,0.0,-1.0
399,-1645.0,-1646.0,1.0,1.0,-37.0,0.21,0.05,0.0,-1.0
400,-1652.0,-1653.0,1.0,1.0,-37.0,0.88,0.19,0.0,-1.0
401,-1657.0,-1658.0,1.0,1.0,5.0,45.17,13.19,0.0,3.67
402,-1661.0,-1662.0,1.0,1.0,5.0,2.62,0.76,0.0,3.64
403,-1681.0,-1682.0,1.0,1.0,5.0,15.92,5.49,0.0,15.36
404,-1690.0,-1691.0,1.0,1.0,-37.0,0.5,0.11,0.0,-1.0
405,-1700.0,-1701.0,1.0,1.0,-37.0,0.36,0.08,0.0,-1.0
406,-1712.0,-1713.0,1.0,1.0,-37.0,0.77,0.17,0.0,-1.0
407,-1719.0,-1720.0,1.0,1.0,-37.0,3.06,0.67,0.0,-1.0
408,-1736.0,-1737.0,1.0,1.0,48.0,3.11,1.14,0.0,-1.0
409,-1740.0,-1741.0,1.0,1.0,48.0,2.74,1.01,0.0,-1.0
410,-1747.0,-1748.0,1.0,1.0,48.0,1.97,0.72,0.0,-1.0
411,-1756.0,-1757.0,1.0,1.0,48.0,1.94,0.71,0.0,-1.0
412,-1761.0,-1762.0,1.0,1.0,64.0,0.34,1.6,24.0,-1.0
413,-1763.0,-1764.0,1.0,1.0,64.0,0.46,2.17,24.0,-1.0
414,-1765.0,-1766.0,1.0,1.0,64.0,0.67,3.14,24.0,-1.0
415,-1768.0,-1769.0,1.0,1.0,64.0,0.3,1.39,36.0,-1.0
416,-1770.0,-1771.0,1.0,1.0,64.0,0.55,2.58,24.0,-1.0
417,-1772.0,-1773.0,1.0,1.0,64.0,0.69,3.26,24.0,-1.0
418,-1774.0,-1775.0,1.0,1.0,64.0,0.49,2.29,24.0,-1.0
419,-1776.0,-1777.0,1.0,1.0,64.0,0.41,1.94,24.0,-1.0
420,-1778.0,-1779.0,1.0,1.0,64.0,1.28,6.01,24.0,-1.0
421,-1781.0,-1782.0,1.0,1.0,-37.0,0.21,0.05,0.0,-1.0
422,-1785.0,-1786.0,1.0,1.0,-37.0,0.31,0.07,0.0,-1.0
423,-1788.0,-1789.0,1.0,1.0,-37.0,0.39,0.09,0.0,-1.0
424,-1794.0,-1795.0,1.0,1.0,-37.0,0.2,0.04,0.0,-1.0
425,-1796.0,-1797.0,1.0,1.0,-37.0,0.16,0.04,0.0,-1.0
426,-1803.0,-1804.0,1.0,1.0,48.0,4.83,1.77,0.0,-1.0
427,-1815.0,-1816.0,1.0,1.0,5.0,6.58,2.31,0.0,22.74
428,-1818.0,-1819.0,1.0,1.0,-37.0,0.17,0.04,0.0,-1.0
429,-1841.0,-1842.0,1.0,1.0,48.0,4.17,1.53,0.0,-1.0
430,-1865.0,-1866.0,1.0,1.0,64.0,0.19,0.91,24.0,-1.0
431,-1867.0,-1868.0,1.0,1.0,64.0,0.61,2.87,24.0,-1.0
432,-1868.0,-1869.0,1.0,1.0,5.0,6.1,1.23,0.0,0.76
433,-1871.0,-1872.0,1.0,1.0,64.0,0.17,0.82,24.0,-1.0
434,-1873.0,-1874.0,1.0,1.0,64.0,0.39,1.84,24.0,-1.0
435,-1875.0,-1876.0,1.0,1.0,64.0,0.19,0.88,24.0,-1.0
436,-1877.0,-1878.0,1.0,1.0,64.0,0.33,1.56,24.0,-1.0
437,-1881.0,-1882.0,1.0,1.0,5.0,18.72,3.83,0.0,0.82
438,-1886.0,-1887.0,1.0,1.0,-37.0,0.64,0.14,0.0,-1.0
439,-1892.0,-1893.0,1.0,1.0,48.0,4.12,1.51,0.0,-1.0
440,-1901.0,-1902.0,1.0,1.0,48.0,1.53,0.56,0.0,-1.0
441,-1926.0,-1927.0,1.0,1.0,5.0,12.3,2.33,0.0,0.45
442,-1930.0,-1931.0,1.0,1.0,-37.0,0.36,0.08,0.0,-1.0
443,-1938.0,-1939.0,1.0,1.0,48.0,13.76,5.05,0.0,-1.0
444,-1944.0,-1945.0,1.0,1.0,-37.0,0.23,0.05,0.0,-1.0
445,-1950.0,-1951.0,1.0,1.0,-37.0,0.74,0.16,0.0,-1.0
446,-1969.0,-1970.0,1.0,1.0,48.0,1.4,0.51,0.0,-1.0
447,-1976.0,-1977.0,1.0,1.0,5.0,13.99,3.06,0.0,1.1
448,-1988.0,-1989.0,1.0,1.0,-37.0,0.91,0.2,0.0,-1.0
449,-2021.0,-2022.0,1.0,1.0,-37.0,0.62,0.14,0.0,-1.0
450,-2028.0,-2029.0,1.0,1.0,-37.0,0.42,0.09,0.0,-1.0
451,-2040.0,-2041.0,1.0,1.0,-37.0,7.34,1.61,0.0,-1.0
452,-2046.0,-2047.0,1.0,1.0,48.0,2.17,0.8,0.0,-1.0
453,-2074.0,-2075.0,1.0,1.0,-37.0,0.33,0.07,0.0,-1.0
454,-2083.0,-2084.0,1.0,1.0,5.0,7.6,2.65,0.0,18.42
455,-2097.0,-2098.0,1.0,1.0,-37.0,0.83,0.18,0.0,-1.0
456,-2109.0,-2110.0,1.0,1.0,48.0,3.68,1.35,0.0,-1.0
457,-2135.0,-2136.0,1.0,1.0,48.0,1.94,0.71,0.0,-1.0
458,-2142.0,-2143.0,1.0,1.0,-37.0,0.27,0.06,0.0,-1.0
459,-2148.0,-2149.0,1.0,1.0,5.0,11.07,3.6,0.0,7.53
460,-2150.0,-2151.0,1.0,1.0,-37.0,0.32,0.07,0.0,-1.0
461,-2169.0,-2170.0,1.0,1.0,-37.0,0.47,0.1,0.0,-1.0
462,-2181.0,-2182.0,1.0,1.0,-37.0,0.34,0.07,0.0,-1.0
463,-2184.0,-2185.0,1.0,1.0,48.0,2.85,1.04,0.0,-1.0
464,-2196.0,-2197.0,1.0,1.0,5.0,2.71,0.73,0.0,2.55
465,-2201.0,-2202.0,1.0,1.0,48.0,2.0,0.73,0.0,-1.0
466,-2216.0,-2217.0,1.0,1.0,48.0,1.85,0.68,0.0,-1.0
467,-2235.0,-2236.0,1.0,1.0,48.0,1.39,0.51,0.0,-1.0
468,-2242.0,-2243.0,1.0,1.0,48.0,6.16,2.26,0.0,-1.0
469,-2252.0,-2253.0,1.0,1.0,48.0,4.55,1.67,0.0,-1.0
470,-2258.0,-2259.0,1.0,1.0,48.0,12.1,4.44,0.0,-1.0
471,-2267.0,-2268.0,1.0,1.0,48.0,1.16,0.43,0.0,-1.0
472,-2274.0,-2275.0,1.0,1.0,-37.0,3.38,0.74,0.0,-1.0
473,-2277.0,-2278.0,1.0,1.0,-37.0,0.17,0.04,0.0,-1.0
474,-2281.0,-2282.0,1.0,1.0,48.0,1.39,0.51,0.0,-1.0
475,-2288.0,-2289.0,1.0,1.0,48.0,3.96,1.45,0.0,-1.0
476,-2293.0,-2294.0,1.0,1.0,48.0,1.1,0.41,0.0,-1.0
477,-2300.0,-2301.0,1.0,1.0,-37.0,0.18,0.04,0.0,-1.0
478,-2314.0,-2315.0,1.0,1.0,-37.0,0.53,0.12,0.0,-1.0
479,-2332.0,-2333.0,1.0,1.0,5.0,4.22,0.9,0.0,1.01
480,-2336.0,-2337.0,1.0,1.0,-37.0,1.05,0.23,0.0,-1.0
481,-2349.0,-2350.0,1.0,1.0,-37.0,0.19,0.04,0.0,-1.0
482,-2353.0,-2354.0,1.0,1.0,48.0,5.94,2.18,0.0,-1.0
483,-2358.0,-2359.0,1.0,1.0,5.0,8.92,1.72,0.0,0.55
484,-2364.0,-2365.0,1.0,1.0,-37.0,0.21,0.05,0.0,-1.0
485,-2373.0,-2374.0,1.0,1.0,48.0,1.83,0.67,0.0,-1.0
486,-2405.0,-2406.0,1.0,1.0,-37.0,2.24,0.49,0.0,-1.0
487,-2407.0,-2408.0,1.0,1.0,-37.0,0.83,0.18,0.0,-1.0
488,-2414.0,-2415.0,1.0,1.0,-37.0,0.23,0.05,0.0,-1.0
489,-2423.0,-2424.0,1.0,1.0,-37.0,0.93,0.2,0.0,-1.0
490,-2433.0,-2434.0,1.0,1.0,48.0,1.9,0.7,0.0,-1.0
491,-2458.0,-2459.0,1.0,1.0,-37.0,3.93,0.86,0.0,-1.0
492,-2461.0,-2462.0,1.0,1.0,48.0,8.52,3.13,0.0,-1.0
493,-2473.0,-2474.0,1.0,1.0,5.0,6.92,1.8,0.0,2.16
494,-2486.0,-2487.0,1.0,1.0,-37.0,0.17,0.04,0.0,-1.0
495,-2489.0,-2490.0,1.0,1.0,-37.0,0.33,0.07,0.0,-1.0
496,-2496.0,-2497.0,1.0,1.0,-37.0,1.95,0.43,0.0,-1.0
497,-2499.0,-2500.0,1.0,1.0,5.0,2.66,0.78,0.0,3.78
498,-2505.0,-2506.0,1.0,1.0,48.0,1.7,0.62,0.0,-1.0
499,-2508.0,-2509.0,1.0,1.0,-37.0,0.18,0.04,0.0,-1.0
500,-2511.0,-2512.0,1.0,1.0,-37.0,0.53,0.12,0.0,-1.0
501,-2519.0,-2520.0,1.0,1.0,48.0,3.57,1.31,0.0,-1.0
502,-2550.0,-2551.0,1.0,1.0,-37.0,0.42,0.09,0.0,-1.0
503,-2556.0,-2557.0,1.0,1.0,5.0,4.4,1.49,0.0,12.26
504,-2562.0,-2563.0,1.0,1.0,48.0,1.01,0.37,0.0,-1.0
505,-2568.0,-2569.0,1.0,1.0,-37.0,0.21,0.05,0.0,-1.0
506,-2575.0,-2576.0,1.0,1.0,-37.0,22.21,6.13,0.0,2.79
507,-2590.0,-2591.0,1.0,1.0,48.0,1.2,0.44,0.0,-1.0
508,-2608.0,-2609.0,1.0,1.0,48.0,3.08,1.13,0.0,-1.0
509,-2612.0,-2613.0,1.0,1.0,48.0,2.78,1.02,0.0,-1.0
510,-2635.0,-2636.0,1.0,1.0,48.0,4.35,1.6,0.0,-1.0
511,-2644.0,-2645.0,1.0,1.0,48.0,1.12,0.41,0.0,-1.0
512,-2649.0,-2650.0,1.0,1.0,48.0,2.25,0.83,0.0,-1.0
513,-2665.0,-2666.0,1.0,1.0,48.0,1.3,0.48,0.0,-1.0
514,-2680.0,-2681.0,1.0,1.0,-37.0,0.89,0.19,0.0,-1.0
515,-2685.0,-2686.0,1.0,1.0,5.0,12.13,2.83,0.0,1.42
516,-2694.0,-2695.0,1.0,1.0,-37.0,2.05,0.45,0.0,-1.0
517,-2712.0,-2713.0,1.0,1.0,48.0,1.15,0.42,0.0,-1.0
518,-2718.0,-2719.0,1.0,1.0,-37.0,2.22,0.49,0.0,-1.0
519,-2722.0,-2723.0,1.0,1.0,5.0,8.68,3.05,0.0,22.63
520,-2735.0,-2736.0,1.0,1.0,48.0,4.41,1.62,0.0,-1.0
521,-2744.0,-2745.0,1.0,1.0,48.0,2.6,0.95,0.0,-1.0
522,-2760.0,-2761.0,1.0,1.0,-37.0,0.41,0.09,0.0,-1.0
523,-2766.0,-2767.0,1.0,1.0,48.0,7.05,2.58,0.0,-1.0
524,-2797.0,-2798.0,1.0,1.0,-37.0,0.55,0.12,0.0,-1.0
525,-2832.0,-2833.0,1.0,1.0,5.0,4.84,1.55,0.0,6.57
526,-2843.0,-2844.0,1.0,1.0,-37.0,0.56,0.12,0.0,-1.0
527,-2849.0,-2850.0,1.0,1.0,-37.0,0.4,0.09,0.0,-1.0
528,-2853.0,-2854.0,1.0,1.0,-37.0,0.18,0.04,0.0,-1.0
529,-2857.0,-2858.0,1.0,1.0,48.0,5.83,2.14,0.0,-1.0
530,-2863.0,-2864.0,1.0,1.0,-37.0,0.22,0.05,0.0,-1.0
531,-2873.0,-2874.0,1.0,1.0,48.0,5.18,1.9,0.0,-1.0
532,-2886.0,-2887.0,1.0,1.0,48.0,1.17,0.43,0.0,-1.0
533,-2890.0,-2891.0,1.0,1.0,48.0,1.4,0.51,0.0,-1.0
534,-2897.0,-2898.0,1.0,1.0,48.0,0.74,0.27,0.0,-1.0
535,-2903.0,-2904.0,1.0,1.0,-37.0,0.19,0.04,0.0,-1.0
536,-2913.0,-2914.0,1.0,1.0,5.0,55.06,12.67,0.0,1.34
537,-2918.0,-2919.0,1.0,1.0,5.0,5.72,1.36,0.0,1.54
538,-2923.0,-2924.0,1.0,1.0,5.0,4.45,1.37,0.0,4.99
539,-2929.0,-2930.0,1.0,1.0,-37.0,0.47,0.1,0.0,-1.0
540,-2994.0,-2995.0,1.0,1.0,48.0,1.16,0.42,0.0,-1.0
541,-2999.0,-3000.0,1.0,1.0,-37.0,0.19,0.04,0.0,-1.0
542,-3002.0,-3003.0,1.0,1.0,-37.0,0.18,0.04,0.0,-1.0
543,-3014.0,-3015.0,1.0,1.0,48.0,1.28,0.47,0.0,-1.0
544,-3017.0,-3018.0,1.0,1.0,-37.0,1.26,0.28,0.0,-1.0
545,-3056.0,-3057.0,1.0,1.0,-37.0,1.65,0.36,0.0,-1.0
546,-3070.0,-3071.0,1.0,1.0,-37.0,0.34,0.07,0.0,-1.0
547,-3074.0,-3075.0,1.0,1.0,48.0,2.57,0.94,0.0,-1.0
548,-3094.0,-3095.0,1.0,1.0,64.0,0.28,1.3,24.0,-1.0
549,-3097.0,-3098.0,1.0,1.0,64.0,0.35,1.64,36.0,-1.0
550,-3097.0,-3098.0,1.0,1.0,64.0,0.36,1.71,0.0,-1.0
551,-3101.0,-3102.0,1.0,1.0,64.0,0.59,2.79,48.0,-1.0
552,-3103.0,-3104.0,1.0,1.0,5.0,10.25,2.94,0.0,3.38
553,-3105.0,-3106.0,1.0,1.0,64.0,0.33,1.54,24.0,-1.0
554,-3108.0,-3109.0,1.0,1.0,5.0,3.88,1.12,0.0,3.5
555,-3109.0,-3110.0,1.0,1.0,64.0,0.54,2.53,24.0,-1.0
556,-3111.0,-3112.0,1.0,1.0,64.0,0.36,1.69,24.0,-1.0
557,-3114.0,-3115.0,1.0,1.0,64.0,0.43,2.04,36.0,-1.0
558,-3115.0,-3116.0,1.0,1.0,64.0,0.77,3.63,12.0,-1.0
559,-3118.0,-3119.0,1.0,1.0,64.0,1.1,5.21,36.0,-1.0
560,-3120.0,-3121.0,1.0,1.0,5.0,20.28,6.21,0.0,4.84
561,-3123.0,-3124.0,1.0,1.0,64.0,0.69,3.27,24.0,-1.0
562,-3125.0,-3126.0,1.0,1.0,64.0,1.25,5.87,24.0,-1.0
563,-3127.0,-3128.0,1.0,1.0,5.0,14.75,5.23,0.0,29.6
564,-3129.0,-3130.0,1.0,1.0,64.0,1.45,6.84,24.0,-1.0
565,-3133.0,-3134.0,1.0,1.0,64.0,1.45,6.84,48.0,-1.0
566,-3135.0,-3136.0,1.0,1.0,64.0,0.77,3.6,24.0,-1.0
567,-3137.0,-3138.0,1.0,1.0,64.0,1.27,5.96,24.0,-1.0
568,-3140.0,-3141.0,1.0,1.0,64.0,1.19,5.62,36.0,-1.0
569,-3141.0,-3142.0,1.0,1.0,64.0,0.97,4.55,12.0,-1.0
570,-3144.0,-3145.0,1.0,1.0,64.0,0.43,2.01,36.0,-1.0
571,-3146.0,-3147.0,1.0,1.0,64.0,0.35,1.67,24.0,-1.0
572,-3148.0,-3149.0,1.0,1.0,64.0,0.41,1.95,24.0,-1.0
573,-3152.0,-3153.0,1.0,1.0,5.0,39.6,12.06,0.0,4.67
574,-3153.0,-3154.0,1.0,1.0,64.0,0.24,1.13,24.0,-1.0
575,-3155.0,-3156.0,1.0,1.0,64.0,0.29,1.35,24.0,-1.0
576,-3157.0,-3158.0,1.0,1.0,64.0,0.6,2.82,24.0,-1.0
577,-3160.0,-3161.0,1.0,1.0,64.0,0.45,2.1,36.0,-1.0
578,-3179.0,-3180.0,1.0,1.0,48.0,11.54,4.23,0.0,-1.0
579,-3185.0,-3186.0,1.0,1.0,48.0,2.08,0.76,0.0,-1.0
580,-3194.0,-3195.0,1.0,1.0,48.0,4.84,1.78,0.0,-1.0
581,-3207.0,-3208.0,1.0,1.0,48.0,11.57,4.24,0.0,-1.0
582,-3211.0,-3212.0,1.0,1.0,-37.0,0.23,0.05,0.0,-1.0
583,-3236.0,-3237.0,1.0,1.0,-37.0,0.3,0.07,0.0,-1.0
584,-3240.0,-3241.0,1.0,1.0,-37.0,0.38,0.08,0.0,-1.0
585,-3273.0,-3274.0,1.0,1.0,-37.0,0.85,0.19,0.0,-1.0
586,-3275.0,-3276.0,1.0,1.0,-37.0,0.21,0.04,0.0,-1.0
587,-3284.0,-3285.0,1.0,1.0,5.0,8.58,3.03,0.0,25.91
588,-3287.0,-3288.0,1.0,1.0,-37.0,0.61,0.13,0.0,-1.0
589,-3292.0,-3293.0,1.0,1.0,5.0,11.28,2.88,0.0,2.0
590,-3318.0,-3319.0,1.0,1.0,48.0,1.91,0.7,0.0,-1.0
591,-3331.0,-3332.0,1.0,1.0,48.0,1.3,0.48,0.0,-1.0
592,-3340.0,-3341.0,1.0,1.0,48.0,2.86,1.05,0.0,-1.0
593,-3344.0,-3345.0,1.0,1.0,-37.0,0.49,0.11,0.0,-1.0
594,-3353.0,-3354.0,1.0,1.0,48.0,3.83,1.41,0.0,-1.0
595,-3357.0,-3358.0,1.0,1.0,48.0,1.69,0.62,0.0,-1.0
596,-3367.0,-3368.0,1.0,1.0,-37.0,0.32,0.07,0.0,-1.0
597,-3375.0,-3376.0,1.0,1.0,-37.0,0.46,0.1,0.0,-1.0
598,-3390.0,-3391.0,1.0,1.0,48.0,1.57,0.57,0.0,-1.0
599,-3398.0,-3399.0,1.0,1.0,48.0,2.6,0.96,0.0,-1.0
600,-3412.0,-3413.0,1.0,1.0,-37.0,1.24,0.27,0.0,-1.0
601,-3423.0,-3424.0,1.0,1.0,48.0,2.38,0.87,0.0,-1.0
602,-3436.0,-3437.0,1.0,1.0,5.0,5.76,1.88,0.0,7.72
603,-3445.0,-3446.0,1.0,1.0,-37.0,0.51,0.11,0.0,-1.0
604,-3452.0,-3453.0,1.0,1.0,48.0,17.8,6.53,0.0,-1.0
605,-3460.0,-3461.0,1.0,1.0,5.0,7.29,2.55,0.0,21.33
606,-3471.0,-3472.0,1.0,1.0,48.0,8.49,3.11,0.0,-1.0
607,-3482.0,-3483.0,1.0,1.0,-37.0,0.35,0.08,0.0,-1.0
608,-3511.0,-3512.0,1.0,1.0,48.0,1.59,0.58,0.0,-1.0
609,-3515.0,-3516.0,1.0,1.0,-37.0,0.27,0.06,0.0,-1.0
610,-3519.0,-3520.0,1.0,1.0,5.0,17.19,5.05,0.0,3.81
611,-3523.0,-3524.0,1.0,1.0,-37.0,0.27,0.06,0.0,-1.0
612,-3528.0,-3529.0,1.0,1.0,-37.0,0.18,0.04,0.0,-1.0
613,-3555.0,-3556.0,1.0,1.0,-37.0,0.19,0.04,0.0,-1.0
614,-3559.0,-3560.0,1.0,1.0,-37.0,0.34,0.08,0.0,-1.0
615,-3585.0,-3586.0,1.0,1.0,48.0,7.3,2.68,0.0,-1.0
616,-3608.0,-3609.0,1.0,1.0,-37.0,1.31,0.29,0.0,-1.0
617,-3622.0,-3623.0,1.0,1.0,5.0,2.57,0.74,0.0,3.42
618,-3633.0,-3634.0,1.0,1.0,48.0,0.93,0.34,0.0,-1.0
619,-3651.0,-3652.0,1.0,1.0,-37.0,1.42,0.31,0.0,-1.0
620,-3656.0,-3657.0,1.0,1.0,48.0,4.59,1.68,0.0,-1.0
621,-3662.0,-3663.0,1.0,1.0,5.0,4.68,1.19,0.0,2.0
622,-3667.0,-3668.0,1.0,1.0,5.0,12.66,3.24,0.0,2.01
623,-3672.0,-3673.0,1.0,1.0,48.0,1.11,0.41,0.0,-1.0
624,-3692.0,-3693.0,1.0,1.0,5.0,7.28,2.09,0.0,3.36
625,-3707.0,-3708.0,1.0,1.0,48.0,7.65,2.8,0.0,-1.0
626,-3715.0,-3716.0,1.0,1.0,-37.0,1.63,0.36,0.0,-1.0
627,-3728.0,-3729.0,1.0,1.0,5.0,7.31,2.41,0.0,8.73
628,-3738.0,-3739.0,1.0,1.0,-37.0,0.71,0.16,0.0,-1.0
629,-3741.0,-3742.0,1.0,1.0,-37.0,0.19,0.04,0.0,-1.0
630,-3747.0,-3748.0,1.0,1.0,5.0,7.3,1.86,0.0,2.0
631,-3751.0,-3752.0,1.0,1.0,-37.0,0.39,0.08,0.0,-1.0
632,-3781.0,-3782.0,1.0,1.0,-37.0,0.2,0.04,0.0,-1.0
633,-3783.0,-3784.0,1.0,1.0,-37.0,0.51,0.11,0.0,-1.0
634,-3812.0,-3813.0,1.0,1.0,48.0,5.73,2.1,0.0,-1.0
635,-3822.0,-3823.0,1.0,1.0,48.0,6.18,2.27,0.0,-1.0
636,-3836.0,-3837.0,1.0,1.0,48.0,15.89,5.83,0.0,-1.0
637,-3843.0,-3844.0,1.0,1.0,-37.0,0.16,0.04,0.0,-1.0
638,-3854.0,-3855.0,1.0,1.0,5.0,15.86,5.69,0.0,44.98
639,-3877.0,-3878.0,1.0,1.0,48.0,1.53,0.56,0.0,-1.0
640,-3882.0,-3883.0,1.0,1.0,48.0,1.37,0.5,0.0,-1.0
641,-3886.0,-3887.0,1.0,1.0,48.0,6.7,2.46,0.0,-1.0
642,-3906.0,-3907.0,1.0,1.0,48.0,12.01,4.4,0.0,-1.0
643,-3918.0,-3919.0,1.0,1.0,48.0,1.69,0.62,0.0,-1.0
644,-3941.0,-3942.0,1.0,1.0,5.0,29.1,9.9,0.0,12.61
645,-3945.0,-3946.0,1.0,1.0,-37.0,0.52,0.11,0.0,-1.0
646,-3951.0,-3952.0,1.0,1.0,-37.0,2.22,0.49,0.0,-1.0
647,-3966.0,-3967.0,1.0,1.0,48.0,26.91,9.87,0.0,-1.0
648,-3971.0,-3972.0,1.0,1.0,5.0,24.22,8.24,0.0,12.61
649,-3980.0,-3981.0,1.0,1.0,48.0,2.17,0.8,0.0,-1.0
650,-3993.0,-3994.0,1.0,1.0,48.0,5.71,2.09,0.0,-1.0
651,-3997.0,-3998.0,1.0,1.0,48.0,0.96,0.35,0.0,-1.0
652,-4007.0,-4008.0,1.0,1.0,48.0,3.01,1.1,0.0,-1.0
653,-4021.0,-4022.0,1.0,1.0,48.0,1.01,0.37,0.0,-1.0
654,-4028.0,-4029.0,1.0,1.0,5.0,16.57,5.2,0.0,5.7
655,-4053.0,-4054.0,1.0,1.0,48.0,1.86,0.68,0.0,-1.0
656,-4106.0,-4107.0,1.0,1.0,48.0,1.24,0.45,0.0,-1.0
657,-4112.0,-4113.0,1.0,1.0,-37.0,0.65,0.14,0.0,-1.0
658,-4121.0,-4122.0,1.0,1.0,48.0,1.32,0.48,0.0,-1.0
659,-4150.0,-4151.0,1.0,1.0,48.0,3.76,1.38,0.0,-1.0
660,-4159.0,-4160.0,1.0,1.0,48.0,1.28,0.47,0.0,-1.0
661,-4165.0,-4166.0,1.0,1.0,48.0,1.33,0.49,0.0,-1.0
662,-4172.0,-4173.0,1.0,1.0,5.0,6.27,1.36,0.0,1.07
663,-4177.0,-4178.0,1.0,1.0,-37.0,1.27,0.28,0.0,-1.0
664,-4185.0,-4186.0,1.0,1.0,-37.0,0.37,0.08,0.0,-1.0
665,-4190.0,-4191.0,1.0,1.0,48.0,2.55,0.93,0.0,-1.0
666,-4194.0,-4195.0,1.0,1.0,48.0,6.5,2.38,0.0,-1.0
667,-4202.0,-4203.0,1.0,1.0,5.0,3.42,1.14,0.0,10.09
668,-4216.0,-4217.0,1.0,1.0,-37.0,0.76,0.17,0.0,-1.0
669,-4240.0,-4241.0,1.0,1.0,48.0,1.5,0.55,0.0,-1.0
670,-4247.0,-4248.0,1.0,1.0,-37.0,0.69,0.15,0.0,-1.0
671,-4253.0,-4254.0,1.0,1.0,48.0,2.85,1.04,0.0,-1.0
672,-4258.0,-4259.0,1.0,1.0,64.0,0.31,1.48,24.0,-1.0
673,-4260.0,-4261.0,1.0,1.0,64.0,0.21,0.99,24.0,-1.0
674,-4262.0,-4263.0,1.0,1.0,64.0,0.14,0.68,24.0,-1.0
675,-4264.0,-4265.0,1.0,1.0,64.0,0.28,1.34,24.0,-1.0
676,-4267.0,-4268.0,1.0,1.0,5.0,3.94,1.0,0.0,1.97
677,-4271.0,-4272.0,1.0,1.0,5.0,6.72,1.83,0.0,2.61
678,-4275.0,-4276.0,1.0,1.0,5.0,2.43,0.56,0.0,1.3
679,-4277.0,-4278.0,1.0,1.0,-37.0,0.42,0.09,0.0,-1.0
680,-4289.0,-4290.0,1.0,1.0,48.0,1.29,0.47,0.0,-1.0
681,-4321.0,-4322.0,1.0,1.0,5.0,12.25,3.42,0.0,2.92
682,-4331.0,-4332.0,1.0,1.0,-37.0,4.83,1.06,0.0,-1.0
683,-4335.0,-4336.0,1.0,1.0,5.0,53.16,13.47,0.0,1.94
684,-4348.0,-4349.0,1.0,1.0,48.0,2.45,0.9,0.0,-1.0
685,-4359.0,-4360.0,1.0,1.0,-37.0,0.87,0.19,0.0,-1.0
686,-4364.0,-4365.0,1.0,1.0,5.0,21.24,6.55,0.0,5.07
687,-4378.0,-4379.0,1.0,1.0,5.0,83.71,23.74,0.0,3.17
688,-4389.0,-4390.0,1.0,1.0,5.0,6.4,1.62,0.0,1.95
689,-4394.0,-4395.0,1.0,1.0,-37.0,0.2,0.04,0.0,-1.0
690,-4397.0,-4398.0,1.0,1.0,-37.0,1.07,0.23,0.0,-1.0
691,-4409.0,-4410.0,1.0,1.0,-37.0,1.59,0.35,0.0,-1.0
692,-4415.0,-4416.0,1.0,1.0,-37.0,0.18,0.04,0.0,-1.0
693,-4424.0,-4425.0,1.0,1.0,48.0,3.97,1.46,0.0,-1.0
694,-4431.0,-4432.0,1.0,1.0,-37.0,0.19,0.04,0.0,-1.0
695,-4434.0,-4435.0,1.0,1.0,-37.0,0.2,0.04,0.0,-1.0
696,-4452.0,-4453.0,1.0,1.0,5.0,3.99,1.12,0.0,3.0
697,-4464.0,-4465.0,1.0,1.0,48.0,2.72,1.0,0.0,-1.0
698,-4471.0,-4472.0,1.0,1.0,48.0,2.34,0.86,0.0,-1.0
699,-4476.0,-4477.0,1.0,1.0,48.0,2.81,1.03,0.0,-1.0
700,-4490.0,-4491.0,1.0,1.0,48.0,3.31,1.21,0.0,-1.0
701,-4493.0,-4494.0,1.0,1.0,5.0,6.1,1.97,0.0,7.08
702,-4502.0,-4503.0,1.0,1.0,5.0,24.39,7.17,0.0,3.8
703,-4505.0,-4506.0,1.0,1.0,-37.0,0.21,0.05,0.0,-1.0
704,-4510.0,-4511.0,1.0,1.0,-37.0,0.19,0.04,0.0,-1.0
705,-4529.0,-4530.0,1.0,1.0,-37.0,0.21,0.05,0.0,-1.0
706,-4535.0,-4536.0,1.0,1.0,5.0,63.22,16.75,0.0,2.33
707,-4537.0,-4538.0,1.0,1.0,-37.0,0.26,0.06,0.0,-1.0
708,-4543.0,-4544.0,1.0,1.0,-37.0,0.22,0.05,0.0,-1.0
709,-4553.0,-4554.0,1.0,1.0,48.0,6.25,2.29,0.0,-1.0
710,-4566.0,-4567.0,1.0,1.0,48.0,13.84,5.08,0.0,-1.0
711,-4573.0,-4574.0,1.0,1.0,5.0,3.12,0.83,0.0,2.32
712,-4577.0,-4578.0,1.0,1.0,48.0,4.8,1.76,0.0,-1.0
713,-4597.0,-4598.0,1.0,1.0,-37.0,6.41,1.41,0.0,-1.0
714,-4599.0,-4600.0,1.0,1.0,-37.0,0.8,0.17,0.0,-1.0
715,-4604.0,-4605.0,1.0,1.0,5.0,49.45,9.49,0.0,0.54
716,-4615.0,-4616.0,1.0,1.0,48.0,3.79,1.39,0.0,-1.0
717,-4621.0,-4622.0,1.0,1.0,-37.0,1.06,0.23,0.0,-1.0
718,-4628.0,-4629.0,1.0,1.0,5.0,8.26,1.98,0.0,1.58
719,-4634.0,-4635.0,1.0,1.0,48.0,1.08,0.4,0.0,-1.0
720,-4654.0,-4655.0,1.0,1.0,48.0,0.99,0.36,0.0,-1.0
721,-4665.0,-4666.0,1.0,1.0,5.0,5.18,1.04,0.0,0.73
722,-4672.0,-4673.0,1.0,1.0,48.0,4.81,1.77,0.0,-1.0
723,-4681.0,-4682.0,1.0,1.0,48.0,2.05,0.75,0.0,-1.0
724,-4687.0,-4688.0,1.0,1.0,5.0,5.9,1.62,0.0,2.71
725,-4693.0,-4694.0,1.0,1.0,48.0,3.53,1.3,0.0,-1.0
726,-4705.0,-4706.0,1.0,1.0,5.0,11.86,2.45,0.0,0.86
727,-4715.0,-4716.0,1.0,1.0,5.0,34.35,7.5,0.0,1.09
728,-4725.0,-4726.0,1.0,1.0,48.0,2.93,1.08,0.0,-1.0
729,-4740.0,-4741.0,1.0,1.0,-37.0,1.22,0.27,0.0,-1.0
730,-4744.0,-4745.0,1.0,1.0,5.0,23.53,8.44,0.0,44.61
731,-4759.0,-4760.0,1.0,1.0,-37.0,0.63,0.14,0.0,-1.0
732,-4774.0,-4775.0,1.0,1.0,5.0,6.36,2.21,0.0,18.71
733,-4787.0,-4788.0,1.0,1.0,-37.0,0.19,0.04,0.0,-1.0
734,-4792.0,-4793.0,1.0,1.0,5.0,7.05,2.11,0.0,4.23
735,-4833.0,-4834.0,1.0,1.0,48.0,2.41,0.89,0.0,-1.0
736,-4846.0,-4847.0,1.0,1.0,-37.0,0.18,0.04,0.0,-1.0
737,-4853.0,-4854.0,1.0,1.0,5.0,10.85,3.4,0.0,5.61
738,-4856.0,-4857.0,1.0,1.0,48.0,1.12,0.41,0.0,-1.0
739,-4877.0,-4878.0,1.0,1.0,5.0,3.17,0.98,0.0,4.95
740,-4887.0,-4888.0,1.0,1.0,5.0,7.71,2.69,0.0,19.35
741,-4905.0,-4906.0,1.0,1.0,48.0,1.89,0.69,0.0,-1.0
742,-4917.0,-4918.0,1.0,1.0,5.0,6.1,2.03,0.0,9.37
743,-4939.0,-4940.0,1.0,1.0,5.0,22.86,7.51,0.0,8.39
744,-4945.0,-4946.0,1.0,1.0,5.0,14.21,5.01,0.0,25.22
745,-4964.0,-4965.0,1.0,1.0,48.0,2.32,0.85,0.0,-1.0
746,-4988.0,-4989.0,1.0,1.0,48.0,3.39,1.24,0.0,-1.0
747,-5007.0,-5008.0,1.0,1.0,48.0,2.94,1.08,0.0,-1.0
748,-5013.0,-5014.0,1.0,1.0,5.0,12.26,3.71,0.0,4.46
749,-5018.0,-5019.0,1.0,1.0,-37.0,0.19,0.04,0.0,-1.0
750,-5022.0,-5023.0,1.0,1.0,-37.0,0.39,0.09,0.0,-1.0
751,-5026.0,-5027.0,1.0,1.0,48.0,1.64,0.6,0.0,-1.0
752,-5042.0,-5043.0,1.0,1.0,48.0,1.35,0.5,0.0,-1.0
753,-5054.0,-5055.0,1.0,1.0,48.0,2.29,0.84,0.0,-1.0
754,-5066.0,-5067.0,1.0,1.0,-37.0,0.17,0.04,0.0,-1.0
755,-5079.0,-5080.0,1.0,1.0,48.0,3.33,1.22,0.0,-1.0
756,-5095.0,-5096.0,1.0,1.0,-37.0,0.72,0.16,0.0,-1.0
757,-5106.0,-5107.0,1.0,1.0,5.0,11.57,4.13,0.0,35.51
758,-5129.0,-5130.0,1.0,1.0,48.0,2.47,0.91,0.0,-1.0
759,-5136.0,-5137.0,1.0,1.0,64.0,0.24,1.12,24.0,-1.0
760,-5138.0,-5139.0,1.0,1.0,64.0,0.28,1.34,24.0,-1.0
761,-5141.0,-5142.0,1.0,1.0,64.0,0.45,2.14,36.0,-1.0
762,-5143.0,-5144.0,1.0,1.0,5.0,6.62,1.65,0.0,1.82
763,-5145.0,-5146.0,1.0,1.0,64.0,0.17,0.81,24.0,-1.0
764,-5147.0,-5148.0,1.0,1.0,64.0,0.17,0.81,24.0,-1.0
765,-5152.0,-5153.0,1.0,1.0,5.0,5.44,1.66,0.0,4.68
766,-5156.0,-5157.0,1.0,1.0,-37.0,0.22,0.05,0.0,-1.0
767,-5161.0,-5162.0,1.0,1.0,48.0,6.76,2.48,0.0,-1.0
768,-5168.0,-5169.0,1.0,1.0,48.0,2.24,0.82,0.0,-1.0
769,-5188.0,-5189.0,1.0,1.0,64.0,0.36,1.71,24.0,-1.0
770,-5191.0,-5192.0,1.0,1.0,5.0,9.24,3.1,0.0,10.4
771,-5193.0,-5194.0,1.0,1.0,64.0,0.75,3.54,24.0,-1.0
772,-5195.0,-5196.0,1.0,1.0,64.0,0.34,1.6,24.0,-1.0
773,-5197.0,-5198.0,1.0,1.0,64.0,0.72,3.41,24.0,-1.0
774,-5206.0,-5207.0,1.0,1.0,-37.0,0.35,0.08,0.0,-1.0
775,-5210.0,-5211.0,1.0,1.0,48.0,1.55,0.57,0.0,-1.0
776,-5214.0,-5215.0,1.0,1.0,-37.0,0.19,0.04,0.0,-1.0
777,-5221.0,-5222.0,1.0,1.0,-37.0,0.25,0.05,0.0,-1.0
778,-5229.0,-5230.0,1.0,1.0,5.0,189.4,58.76,0.0,5.27
779,-5237.0,-5238.0,1.0,1.0,-37.0,1.61,0.35,0.0,-1.0
780,-5248.0,-5249.0,1.0,1.0,-37.0,0.39,0.09,0.0,-1.0
781,-5280.0,-5281.0,1.0,1.0,-37.0,0.54,0.12,0.0,-1.0
782,-5292.0,-5293.0,1.0,1.0,48.0,4.01,1.47,0.0,-1.0
783,-5296.0,-5297.0,1.0,1.0,-37.0,4.21,0.92,0.0,-1.0
784,-5302.0,-5303.0,1.0,1.0,-37.0,0.61,0.13,0.0,-1.0
785,-5307.0,-5308.0,1.0,1.0,5.0,13.79,4.38,0.0,6.31
786,-5319.0,-5320.0,1.0,1.0,-37.0,0.35,0.08,0.0,-1.0
787,-5335.0,-5336.0,1.0,1.0,5.0,10.23,3.42,0.0,10.02
788,-5343.0,-5344.0,1.0,1.0,5.0,2.43,0.66,0.0,2.51
789,-5351.0,-5352.0,1.0,1.0,48.0,2.59,0.95,0.0,-1.0
790,-5360.0,-5361.0,1.0,1.0,5.0,6.4,1.55,0.0,1.64
791,-5363.0,-5364.0,1.0,1.0,48.0,1.87,0.69,0.0,-1.0
792,-5381.0,-5382.0,1.0,1.0,48.0,2.85,1.04,0.0,-1.0
793,-5388.0,-5389.0,1.0,1.0,48.0,1.21,0.44,0.0,-1.0
794,-5400.0,-5401.0,1.0,1.0,5.0,13.66,4.8,0.0,22.68
795,-5411.0,-5412.0,1.0,1.0,-37.0,1.02,0.22,0.0,-1.0
796,-5439.0,-5440.0,1.0,1.0,48.0,3.07,1.13,0.0,-1.0
797,-5443.0,-5444.0,1.0,1.0,-37.0,0.54,0.12,0.0,-1.0
798,-5465.0,-5466.0,1.0,1.0,5.0,33.23,10.77,0.0,7.4
799,-5468.0,-5469.0,1.0,1.0,-37.0,0.37,0.08,0.0,-1.0
800,-5491.0,-5492.0,1.0,1.0,-37.0,0.52,0.11,0.0,-1.0
801,-5510.0,-5511.0,1.0,1.0,48.0,3.37,1.24,0.0,-1.0
802,-5519.0,-5520.0,1.0,1.0,-37.0,1.33,0.29,0.0,-1.0
803,-5522.0,-5523.0,1.0,1.0,5.0,10.25,3.06,0.0,4.14
804,-5526.0,-5527.0,1.0,1.0,5.0,4.55,1.3,0.0,3.32
805,-5534.0,-5535.0,1.0,1.0,5.0,15.06,5.24,0.0,17.99
806,-5538.0,-5539.0,1.0,1.0,48.0,1.52,0.56,0.0,-1.0
807,-5550.0,-5551.0,1.0,1.0,5.0,8.72,3.04,0.0,19.38
808,-5557.0,-5558.0,1.0,1.0,5.0,6.78,2.26,0.0,9.91
809,-5564.0,-5565.0,1.0,1.0,5.0,11.18,3.56,0.0,6.42
810,-5578.0,-5579.0,1.0,1.0,48.0,7.53,2.76,0.0,-1.0
811,-5587.0,-5588.0,1.0,1.0,48.0,13.01,4.77,0.0,-1.0
812,-5608.0,-5609.0,1.0,1.0,48.0,2.37,0.87,0.0,-1.0
813,-5614.0,-5615.0,1.0,1.0,5.0,9.26,2.36,0.0,1.98
814,-5624.0,-5625.0,1.0,1.0,40.0,161.67,47.1,0.0,3.62
815,-5631.0,-5632.0,1.0,1.0,5.0,7.14,1.76,0.0,1.73
816,-5635.0,-5636.0,1.0,1.0,5.0,13.77,4.58,0.0,9.51
817,-5647.0,-5648.0,1.0,1.0,-37.0,0.39,0.08,0.0,-1.0
818,-5654.0,-5655.0,1.0,1.0,-37.0,0.16,0.03,0.0,-1.0
819,-5687.0,-5688.0,1.0,1.0,48.0,5.41,1.98,0.0,-1.0
820,-5698.0,-5699.0,1.0,1.0,5.0,11.65,4.02,0.0,15.93
821,-5720.0,-5721.0,1.0,1.0,48.0,3.75,1.38,0.0,-1.0
822,-5724.0,-5725.0,1.0,1.0,5.0,14.1,4.72,0.0,10.19
823,-5727.0,-5728.0,1.0,1.0,-37.0,0.56,0.12,0.0,-1.0
824,-5747.0,-5748.0,1.0,1.0,48.0,2.53,0.93,0.0,-1.0
825,-5761.0,-5762.0,1.0,1.0,48.0,4.0,1.47,0.0,-1.0
826,-5775.0,-5776.0,1.0,1.0,48.0,1.05,0.38,0.0,-1.0
827,-5784.0,-5785.0,1.0,1.0,48.0,1.34,0.49,0.0,-1.0
828,-5788.0,-5789.0,1.0,1.0,-37.0,0.17,0.04,0.0,-1.0
829,-5792.0,-5793.0,1.0,1.0,5.0,4.18,1.22,0.0,3.68
830,-5799.0,-5800.0,1.0,1.0,5.0,9.35,2.88,0.0,4.99
831,-5808.0,-5809.0,1.0,1.0,48.0,5.13,1.88,0.0,-1.0
832,-5821.0,-5822.0,1.0,1.0,48.0,2.01,0.74,0.0,-1.0
833,-5847.0,-5848.0,1.0,1.0,5.0,20.03,4.41,0.0,1.12
834,-5854.0,-5855.0,1.0,1.0,48.0,7.72,2.83,0.0,-1.0
835,-5862.0,-5863.0,1.0,1.0,48.0,4.63,1.7,0.0,-1.0
836,-5867.0,-5868.0,1.0,1.0,-37.0,0.87,0.19,0.0,-1.0
837,-5875.0,-5876.0,1.0,1.0,5.0,2.42,0.77,0.0,6.39
838,-5885.0,-5886.0,1.0,1.0,48.0,7.29,2.67,0.0,-1.0
839,-5888.0,-5889.0,1.0,1.0,5.0,2.98,0.69,0.0,1.4
840,-5903.0,-5904.0,1.0,1.0,48.0,1.52,0.56,0.0,-1.0
841,-5909.0,-5910.0,1.0,1.0,48.0,2.69,0.98,0.0,-1.0
842,-5913.0,-5914.0,1.0,1.0,-37.0,1.63,0.36,0.0,-1.0
843,-5917.0,-5918.0,1.0,1.0,48.0,1.48,0.54,0.0,-1.0
844,-5923.0,-5924.0,1.0,1.0,5.0,30.05,7.89,0.0,2.25
845,-5934.0,-5935.0,1.0,1.0,48.0,4.66,1.71,0.0,-1.0
846,-5944.0,-5945.0,1.0,1.0,-37.0,0.53,0.12,0.0,-1.0
847,-5946.0,-5947.0,1.0,1.0,-37.0,0.29,0.06,0.0,-1.0
848,-5962.0,-5963.0,1.0,1.0,48.0,1.92,0.7,0.0,-1.0
849,-5967.0,-5968.0,1.0,1.0,-37.0,0.18,0.04,0.0,-1.0
850,-5980.0,-5981.0,1.0,1.0,-37.0,0.8,0.18,0.0,-1.0
851,-6007.0,-6008.0,1.0,1.0,48.0,4.04,1.48,0.0,-1.0
852,-6013.0,-6014.0,1.0,1.0,-37.0,0.72,0.16,0.0,-1.0
853,-6018.0,-6019.0,1.0,1.0,5.0,13.3,3.51,0.0,2.3
854,-6024.0,-6025.0,1.0,1.0,-37.0,0.48,0.11,0.0,-1.0
855,-6031.0,-6032.0,1.0,1.0,48.0,2.17,0.8,0.0,-1.0
856,-6035.0,-6036.0,1.0,1.0,64.0,0.62,2.91,24.0,-1.0
857,-6038.0,-6039.0,1.0,1.0,5.0,10.25,3.09,0.0,4.35
858,-6040.0,-6041.0,1.0,1.0,64.0,0.29,1.36,24.0,-1.0
859,-6042.0,-6043.0,1.0,1.0,64.0,0.19,0.91,24.0,-1.0
860,-6044.0,-6045.0,1.0,1.0,64.0,0.25,1.17,24.0,-1.0
861,-6046.0,-6047.0,1.0,1.0,64.0,0.35,1.66,24.0,-1.0
862,-6049.0,-6050.0,1.0,1.0,64.0,0.92,4.34,36.0,-1.0
863,-6052.0,-6053.0,1.0,1.0,5.0,12.9,4.45,0.0,15.57
864,-6066.0,-6067.0,1.0,1.0,48.0,3.86,1.42,0.0,-1.0
865,-6088.0,-6089.0,1.0,1.0,48.0,1.11,0.41,0.0,-1.0
866,-6095.0,-6096.0,1.0,1.0,-37.0,0.78,0.17,0.0,-1.0
867,-6104.0,-6105.0,1.0,1.0,5.0,7.02,2.37,0.0,11.29
868,-6112.0,-6113.0,1.0,1.0,5.0,4.18,0.93,0.0,1.17
869,-6121.0,-6122.0,1.0,1.0,-37.0,0.51,0.11,0.0,-1.0
870,-6127.0,-6128.0,1.0,1.0,48.0,3.39,1.24,0.0,-1.0
871,-6141.0,-6142.0,1.0,1.0,5.0,14.42,4.49,0.0,5.41
872,-6163.0,-6164.0,1.0,1.0,48.0,4.73,1.74,0.0,-1.0
873,-6180.0,-6181.0,1.0,1.0,-37.0,0.22,0.05,0.0,-1.0
874,-6191.0,-6192.0,1.0,1.0,-37.0,0.87,0.19,0.0,-1.0
875,-6196.0,-6197.0,1.0,1.0,48.0,1.61,0.59,0.0,-1.0
876,-6201.0,-6202.0,1.0,1.0,-37.0,0.65,0.14,0.0,-1.0
877,-6204.0,-6205.0,1.0,1.0,5.0,10.04,3.24,0.0,7.07
878,-6210.0,-6211.0,1.0,1.0,5.0,6.37,1.86,0.0,3.62
879,-6218.0,-6219.0,1.0,1.0,48.0,17.5,6.42,0.0,-1.0
880,-6225.0,-6226.0,1.0,1.0,-37.0,1.56,0.34,0.0,-1.0
881,-6230.0,-6231.0,1.0,1.0,5.0,17.92,3.38,0.0,0.32
882,-6241.0,-6242.0,1.0,1.0,48.0,3.29,1.21,0.0,-1.0
883,-6250.0,-6251.0,1.0,1.0,48.0,2.1,0.77,0.0,-1.0
884,-6266.0,-6267.0,1.0,1.0,-37.0,0.43,0.1,0.0,-1.0
885,-6272.0,-6273.0,1.0,1.0,5.0,4.36,1.07,0.0,1.75
886,-6274.0,-6275.0,1.0,1.0,-37.0,0.42,0.09,0.0,-1.0
887,-6281.0,-6282.0,1.0,1.0,5.0,40.06,11.8,0.0,3.84
888,-6285.0,-6286.0,1.0,1.0,5.0,5.47,1.56,0.0,3.27
889,-6287.0,-6288.0,1.0,1.0,48.0,1.82,0.67,0.0,-1.0
890,-6290.0,-6291.0,1.0,1.0,48.0,0.78,0.29,0.0,-1.0
891,-6296.0,-6297.0,1.0,1.0,48.0,2.95,1.08,0.0,-1.0
892,-6301.0,-6302.0,1.0,1.0,48.0,7.37,2.7,0.0,-1.0
893,-6303.0,-6304.0,1.0,1.0,5.0,6.13,1.16,0.0,0.3
894,-6315.0,-6316.0,1.0,1.0,48.0,2.22,0.81,0.0,-1.0
895,-6319.0,-6320.0,1.0,1.0,-37.0,2.79,0.61,0.0,-1.0
896,-6334.0,-6335.0,1.0,1.0,5.0,1.64,0.41,0.0,1.9
897,-6340.0,-6341.0,1.0,1.0,5.0,52.48,18.24,0.0,17.86
898,-6363.0,-6364.0,1.0,1.0,48.0,1.45,0.53,0.0,-1.0
899,-6373.0,-6374.0,1.0,1.0,-37.0,1.59,0.35,0.0,-1.0
900,-6380.0,-6381.0,1.0,1.0,48.0,1.08,0.4,0.0,-1.0
901,-6382.0,-6383.0,1.0,1.0,5.0,6.24,1.8,0.0,3.48
902,-6391.0,-6392.0,1.0,1.0,5.0,4.12,1.27,0.0,5.15
903,-6403.0,-6404.0,1.0,1.0,48.0,0.9,0.33,0.0,-1.0
904,-6415.0,-6416.0,1.0,1.0,5.0,141.9,47.52,0.0,10.31
905,-6418.0,-6419.0,1.0,1.0,-37.0,1.09,0.24,0.0,-1.0
906,-6422.0,-6423.0,1.0,1.0,-37.0,0.59,0.13,0.0,-1.0
907,-6428.0,-6429.0,1.0,1.0,48.0,3.1,1.14,0.0,-1.0
908,-6439.0,-6440.0,1.0,1.0,48.0,1.91,0.7,0.0,-1.0
909,-6453.0,-6454.0,1.0,1.0,5.0,6.58,1.9,0.0,3.42
910,-6460.0,-6461.0,1.0,1.0,5.0,5.87,1.94,0.0,8.9
911,-6463.0,-6464.0,1.0,1.0,48.0,2.86,1.05,0.0,-1.0
912,-6474.0,-6475.0,1.0,1.0,5.0,6.1,2.1,0.0,15.64
913,-6488.0,-6489.0,1.0,1.0,48.0,9.45,3.47,0.0,-1.0
914,-6492.0,-6493.0,1.0,1.0,5.0,13.88,3.83,0.0,2.77
915,-6505.0,-6506.0,1.0,1.0,-37.0,0.61,0.13,0.0,-1.0
916,-6514.0,-6515.0,1.0,1.0,48.0,0.9,0.33,0.0,-1.0
917,-6539.0,-6540.0,1.0,1.0,48.0,2.92,1.07,0.0,-1.0
918,-6549.0,-6550.0,1.0,1.0,48.0,20.08,7.36,0.0,-1.0
919,-6555.0,-6556.0,1.0,1.0,-37.0,0.25,0.06,0.0,-1.0
920,-6564.0,-6565.0,1.0,1.0,48.0,1.15,0.42,0.0,-1.0
921,-6574.0,-6575.0,1.0,1.0,-37.0,0.2,0.04,0.0,-1.0
922,-6577.0,-6578.0,1.0,1.0,5.0,4.16,1.22,0.0,3.69
923,-6582.0,-6583.0,1.0,1.0,-37.0,0.52,0.11,0.0,-1.0
924,-6586.0,-6587.0,1.0,1.0,-37.0,0.2,0.04,0.0,-1.0
925,-6590.0,-6591.0,1.0,1.0,48.0,2.18,0.8,0.0,-1.0
926,-6603.0,-6604.0,1.0,1.0,-37.0,1.4,0.31,0.0,-1.0
927,-6613.0,-6614.0,1.0,1.0,48.0,3.36,1.23,0.0,-1.0
928,-6621.0,-6622.0,1.0,1.0,48.0,6.08,2.23,0.0,-1.0
929,-6637.0,-6638.0,1.0,1.0,48.0,0.84,0.31,0.0,-1.0
930,-6650.0,-6651.0,1.0,1.0,48.0,5.91,2.17,0.0,-1.0
931,-6658.0,-6659.0,1.0,1.0,5.0,9.88,2.71,0.0,2.72
932,-6666.0,-6667.0,1.0,1.0,5.0,155.9,49.84,0.0,6.59
933,-6669.0,-6670.0,1.0,1.0,48.0,1.39,0.51,0.0,-1.0
934,-6678.0,-6679.0,1.0,1.0,48.0,1.29,0.47,0.0,-1.0
935,-6682.0,-6683.0,1.0,1.0,48.0,2.13,0.78,0.0,-1.0
936,-6693.0,-6694.0,1.0,1.0,48.0,1.98,0.73,0.0,-1.0
937,-6708.0,-6709.0,1.0,1.0,5.0,21.51,7.78,0.0,73.09
938,-6718.0,-6719.0,1.0,1.0,48.0,5.38,1.97,0.0,-1.0
939,-6727.0,-6728.0,1.0,1.0,48.0,0.92,0.34,0.0,-1.0
940,-6733.0,-6734.0,1.0,1.0,48.0,5.72,2.1,0.0,-1.0
941,-6739.0,-6740.0,1.0,1.0,48.0,2.27,0.83,0.0,-1.0
942,-6744.0,-6745.0,1.0,1.0,5.0,5.27,1.72,0.0,7.93
943,-6747.0,-6748.0,1.0,1.0,48.0,1.88,0.69,0.0,-1.0
944,-6763.0,-6764.0,1.0,1.0,5.0,7.49,2.48,0.0,9.07
945,-6768.0,-6769.0,1.0,1.0,48.0,2.79,1.02,0.0,-1.0
946,-6776.0,-6777.0,1.0,1.0,48.0,3.11,1.14,0.0,-1.0
947,-6786.0,-6787.0,1.0,1.0,48.0,1.34,0.49,0.0,-1.0
948,-6792.0,-6793.0,1.0,1.0,48.0,4.76,1.75,0.0,-1.0
949,-6796.0,-6797.0,1.0,1.0,-37.0,0.37,0.08,0.0,-1.0
950,-6802.0,-6803.0,1.0,1.0,-37.0,0.44,0.1,0.0,-1.0
951,-6810.0,-6811.0,1.0,1.0,48.0,1.97,0.72,0.0,-1.0
952,-6814.0,-6815.0,1.0,1.0,-37.0,0.42,0.09,0.0,-1.0
953,-6833.0,-6834.0,1.0,1.0,-37.0,0.87,0.19,0.0,-1.0
954,-6849.0,-6850.0,1.0,1.0,48.0,1.81,0.66,0.0,-1.0
955,-6857.0,-6858.0,1.0,1.0,5.0,9.83,3.37,0.0,14.38
956,-6877.0,-6878.0,1.0,1.0,48.0,3.62,1.33,0.0,-1.0
957,-6881.0,-6882.0,1.0,1.0,48.0,2.56,0.94,0.0,-1.0
958,-6892.0,-6893.0,1.0,1.0,48.0,2.4,0.88,0.0,-1.0
959,-6898.0,-6899.0,1.0,1.0,5.0,9.2,2.93,0.0,6.34
960,-6903.0,-6904.0,1.0,1.0,5.0,36.77,12.43,0.0,11.55
961,-6905.0,-6906.0,1.0,1.0,-37.0,0.63,0.14,0.0,-1.0
962,-6912.0,-6913.0,1.0,1.0,-37.0,1.19,0.26,0.0,-1.0
963,-6923.0,-6924.0,1.0,1.0,48.0,8.61,3.16,0.0,-1.0
964,-6928.0,-6929.0,1.0,1.0,5.0,4.32,1.46,0.0,11.75
965,-6950.0,-6951.0,1.0,1.0,48.0,1.61,0.59,0.0,-1.0
966,-6957.0,-6958.0,1.0,1.0,48.0,2.88,1.06,0.0,-1.0
967,-6974.0,-6975.0,1.0,1.0,-37.0,0.35,0.08,0.0,-1.0
968,-6978.0,-6979.0,1.0,1.0,5.0,5.76,1.82,0.0,6.02
969,-6986.0,-6987.0,1.0,1.0,48.0,1.95,0.72,0.0,-1.0
970,-6990.0,-6991.0,1.0,1.0,48.0,1.08,0.4,0.0,-1.0
971,-6994.0,-6995.0,1.0,1.0,5.0,8.18,2.0,0.0,1.71
972,-6999.0,-7000.0,1.0,1.0,-37.0,0.4,0.09,0.0,-1.0
973,-7007.0,-7008.0,1.0,1.0,5.0,14.62,5.09,0.0,18.41
974,-7012.0,-7013.0,1.0,1.0,48.0,12.75,4.68,0.0,-1.0
975,-7017.0,-7018.0,1.0,1.0,48.0,3.71,1.36,0.0,-1.0
976,-7021.0,-7022.0,1.0,1.0,5.0,1.9,0.57,0.0,4.3
977,-7035.0,-7036.0,1.0,1.0,48.0,1.26,0.46,0.0,-1.0
978,-7049.0,-7050.0,1.0,1.0,5.0,25.47,9.19,0.0,62.13
979,-7058.0,-7059.0,1.0,1.0,5.0,2.05,0.62,0.0,4.51
980,-7101.0,-7102.0,1.0,1.0,48.0,1.8,0.66,0.0,-1.0
981,-7112.0,-7113.0,1.0,1.0,-37.0,1.22,0.27,0.0,-1.0
982,-7116.0,-7117.0,1.0,1.0,5.0,36.59,10.77,0.0,3.84
983,-7122.0,-7123.0,1.0,1.0,48.0,10.31,3.78,0.0,-1.0
984,-7128.0,-7129.0,1.0,1.0,5.0,3.94,0.87,0.0,1.17
985,-7131.0,-7132.0,1.0,1.0,-37.0,1.54,0.34,0.0,-1.0
986,-7137.0,-7138.0,1.0,1.0,-37.0,0.9,0.2,0.0,-1.0
987,-7150.0,-7151.0,1.0,1.0,-37.0,0.22,0.05,0.0,-1.0
988,-7160.0,-7161.0,1.0,1.0,48.0,2.06,0.75,0.0,-1.0
989,-7184.0,-7185.0,1.0,1.0,-37.0,1.16,0.25,0.0,-1.0
990,-7186.0,-7187.0,1.0,1.0,5.0,10.22,3.55,0.0,17.55
991,-7195.0,-7196.0,1.0,1.0,48.0,3.42,1.25,0.0,-1.0
992,-7198.0,-7199.0,1.0,1.0,5.0,4.15,1.15,0.0,2.81
993,-7202.0,-7203.0,1.0,1.0,5.0,4.91,1.52,0.0,5.22
994,-7215.0,-7216.0,1.0,1.0,48.0,9.28,3.4,0.0,-1.0
995,-7227.0,-7228.0,1.0,1.0,48.0,7.14,2.62,0.0,-1.0
996,-7231.0,-7232.0,1.0,1.0,48.0,1.46,0.54,0.0,-1.0
997,-7236.0,-7237.0,1.0,1.0,48.0,2.71,0.99,0.0,-1.0
998,-7240.0,-7241.0,1.0,1.0,48.0,1.49,0.55,0.0,-1.0
999,-7247.0,-7248.0,1.0,1.0,48.0,5.29,1.94,0.0,-1.0
1000,-7254.0,-7255.0,1.0,1.0,48.0,5.12,1.88,0.0,-1.0
1001,-7257.0,-7258.0,1.0,1.0,-37.0,0.75,0.16,0.0,-1.0
1002,-7263.0,-7264.0,1.0,1.0,48.0,2.56,0.94,0.0,-1.0
1003,-7267.0,-7268.0,1.0,1.0,-37.0,0.53,0.12,0.0,-1.0
1004,-7276.0,-7277.0,1.0,1.0,5.0,3.6,1.11,0.0,4.91
1005,-7285.0,-7286.0,1.0,1.0,48.0,4.27,1.57,0.0,-1.0
1006,-7290.0,-7291.0,1.0,1.0,48.0,1.27,0.47,0.0,-1.0
1007,-7299.0,-7300.0,1.0,1.0,48.0,6.42,2.35,0.0,-1.0
1008,-7308.0,-7309.0,1.0,1.0,-37.0,0.2,0.04,0.0,-1.0
1009,-7332.0,-7333.0,1.0,1.0,48.0,6.45,2.36,0.0,-1.0
1010,-7338.0,-7339.0,1.0,1.0,48.0,3.95,1.45,0.0,-1.0
1011,-7350.0,-7351.0,1.0,1.0,5.0,4.04,1.25,0.0,5.29
1012,-7365.0,-7366.0,1.0,1.0,-37.0,2.18,0.48,0.0,-1.0
1013,-7368.0,-7369.0,1.0,1.0,48.0,4.68,1.72,0.0,-1.0
1014,-7379.0,-7380.0,1.0,1.0,48.0,7.48,2.74,0.0,-1.0
1015,-7383.0,-7384.0,1.0,1.0,5.0,5.0,1.43,0.0,3.3
1016,-7403.0,-7404.0,1.0,1.0,48.0,14.2,5.21,0.0,-1.0
1017,-7407.0,-7408.0,1.0,1.0,-37.0,3.71,0.81,0.0,-1.0
1018,-7409.0,-7410.0,1.0,1.0,-37.0,0.18,0.04,0.0,-1.0
1019,-7423.0,-7424.0,1.0,1.0,64.0,0.23,1.07,24.0,-1.0
1020,-7426.0,-7427.0,1.0,1.0,64.0,0.31,1.46,36.0,-1.0
1021,-7428.0,-7429.0,1.0,1.0,64.0,0.27,1.26,24.0,-1.0
1022,-7430.0,-7431.0,1.0,1.0,64.0,0.39,1.82,24.0,-1.0
1023,-7433.0,-7434.0,1.0,1.0,64.0,0.45,2.13,36.0,-1.0
1024,-7444.0,-7445.0,1.0,1.0,48.0,1.61,0.59,0.0,-1.0
1025,-7453.0,-7454.0,1.0,1.0,48.0,10.65,3.9,0.0,-1.0
1026,-7458.0,-7459.0,1.0,1.0,48.0,5.7,2.09,0.0,-1.0
1027,-7462.0,-7463.0,1.0,1.0,64.0,0.47,2.21,24.0,-1.0
1028,-7464.0,-7465.0,1.0,1.0,64.0,0.45,2.13,24.0,-1.0
1029,-7467.0,-7468.0,1.0,1.0,64.0,0.69,3.23,36.0,-1.0
1030,-7469.0,-7470.0,1.0,1.0,64.0,0.74,3.5,24.0,-1.0
1031,-7471.0,-7472.0,1.0,1.0,64.0,0.55,2.61,24.0,-1.0
1032,-7476.0,-7477.0,1.0,1.0,64.0,0.43,2.02,60.0,-1.0
1033,-7478.0,-7479.0,1.0,1.0,64.0,0.67,3.17,24.0,-1.0
1034,-7481.0,-7482.0,1.0,1.0,64.0,1.06,5.0,36.0,-1.0
1035,-7483.0,-7484.0,1.0,1.0,64.0,1.41,6.63,24.0,-1.0
1036,-7484.0,-7485.0,1.0,1.0,5.0,4.85,1.57,0.0,7.17
1037,-7487.0,-7488.0,1.0,1.0,64.0,0.75,3.55,24.0,-1.0
1038,-7490.0,-7491.0,1.0,1.0,64.0,1.13,5.32,36.0,-1.0
1039,-7492.0,-7493.0,1.0,1.0,64.0,0.73,3.46,24.0,-1.0
1040,-7494.0,-7495.0,1.0,1.0,64.0,0.76,3.58,24.0,-1.0
1041,-7497.0,-7498.0,1.0,1.0,64.0,1.24,5.86,36.0,-1.0
1042,-7499.0,-7500.0,1.0,1.0,64.0,1.46,6.88,24.0,-1.0
1043,-7501.0,-7502.0,1.0,1.0,5.0,18.84,5.15,0.0,2.67
1044,-7503.0,-7504.0,1.0,1.0,64.0,1.48,6.95,24.0,-1.0
1045,-7505.0,-7506.0,1.0,1.0,5.0,8.97,3.15,0.0,22.96
1046,-7508.0,-7509.0,1.0,1.0,64.0,0.69,3.27,24.0,-1.0
1047,-7511.0,-7512.0,1.0,1.0,5.0,14.8,4.91,0.0,9.21
1048,-7513.0,-7514.0,1.0,1.0,64.0,0.71,3.36,24.0,-1.0
1049,-7515.0,-7516.0,1.0,1.0,64.0,0.53,2.48,24.0,-1.0
1050,-7517.0,-7518.0,1.0,1.0,64.0,0.76,3.6,24.0,-1.0
1051,-7519.0,-7520.0,1.0,1.0,64.0,0.86,4.07,24.0,-1.0
1052,-7521.0,-7522.0,1.0,1.0,64.0,0.57,2.7,24.0,-1.0
1053,-7535.0,-7536.0,1.0,1.0,48.0,1.97,0.72,0.0,-1.0
1054,-7545.0,-7546.0,1.0,1.0,48.0,25.29,9.28,0.0,-1.0
1055,-7566.0,-7567.0,1.0,1.0,5.0,7.84,2.76,0.0,24.11
1056,-7569.0,-7570.0,1.0,1.0,48.0,2.63,0.96,0.0,-1.0
1057,-7592.0,-7593.0,1.0,1.0,-37.0,0.29,0.06,0.0,-1.0
1058,-7600.0,-7601.0,1.0,1.0,48.0,7.87,2.89,0.0,-1.0
1059,-7611.0,-7612.0,1.0,1.0,48.0,6.15,2.26,0.0,-1.0
1060,-7626.0,-7627.0,1.0,1.0,5.0,7.48,2.1,0.0,3.01
1061,-7643.0,-7644.0,1.0,1.0,48.0,5.22,1.91,0.0,-1.0
1062,-7657.0,-7658.0,1.0,1.0,-37.0,1.65,0.36,0.0,-1.0
1063,-7676.0,-7677.0,1.0,1.0,5.0,3.41,0.97,0.0,3.19
1064,-7681.0,-7682.0,1.0,1.0,48.0,1.75,0.64,0.0,-1.0
1065,-7692.0,-7693.0,1.0,1.0,-37.0,0.38,0.08,0.0,-1.0
1066,-7700.0,-7701.0,1.0,1.0,48.0,4.72,1.73,0.0,-1.0
1067,-7711.0,-7712.0,1.0,1.0,48.0,1.75,0.64,0.0,-1.0
1068,-7723.0,-7724.0,1.0,1.0,48.0,8.57,3.14,0.0,-1.0
1069,-7729.0,-7730.0,1.0,1.0,64.0,0.41,1.96,24.0,-1.0
1070,-7732.0,-7733.0,1.0,1.0,64.0,0.75,3.54,36.0,-1.0
1071,-7734.0,-7735.0,1.0,1.0,64.0,0.37,1.75,24.0,-1.0
1072,-7734.0,-7735.0,1.0,1.0,5.0,10.08,2.13,0.0,0.96
1073,-7738.0,-7739.0,1.0,1.0,64.0,0.69,3.27,24.0,-1.0
1074,-7740.0,-7741.0,1.0,1.0,64.0,0.8,3.78,24.0,-1.0
1075,-7742.0,-7743.0,1.0,1.0,64.0,0.63,2.97,24.0,-1.0
1076,-7744.0,-7745.0,1.0,1.0,64.0,0.98,4.6,24.0,-1.0
1077,-7746.0,-7747.0,1.0,1.0,64.0,1.88,8.88,24.0,-1.0
1078,-7748.0,-7749.0,1.0,1.0,64.0,1.25,5.9,24.0,-1.0
1079,-7750.0,-7751.0,1.0,1.0,64.0,1.0,4.73,24.0,-1.0
1080,-7752.0,-7753.0,1.0,1.0,64.0,0.73,3.44,24.0,-1.0
1081,-7754.0,-7755.0,1.0,1.0,64.0,0.33,1.57,24.0,-1.0
1082,-7756.0,-7757.0,1.0,1.0,64.0,0.51,2.4,24.0,-1.0
1083,-7757.0,-7758.0,1.0,1.0,5.0,6.56,2.06,0.0,5.82
1084,-7760.0,-7761.0,1.0,1.0,5.0,4.68,1.5,0.0,6.71
1085,-7762.0,-7763.0,1.0,1.0,64.0,0.36,1.69,24.0,-1.0
1086,-7764.0,-7765.0,1.0,1.0,64.0,0.48,2.25,24.0,-1.0
1087,-7769.0,-7770.0,1.0,1.0,-37.0,0.32,0.07,0.0,-1.0
1088,-7777.0,-7778.0,1.0,1.0,5.0,17.48,5.22,0.0,4.17
1089,-7806.0,-7807.0,1.0,1.0,5.0,10.98,3.21,0.0,3.7
1090,-7810.0,-7811.0,1.0,1.0,-37.0,0.18,0.04,0.0,-1.0
1091,-7822.0,-7823.0,1.0,1.0,48.0,3.1,1.14,0.0,-1.0
1092,-7837.0,-7838.0,1.0,1.0,5.0,14.29,5.09,0.0,33.53
1093,-7842.0,-7843.0,1.0,1.0,5.0,45.22,10.98,0.0,1.65
1094,-7859.0,-7860.0,1.0,1.0,48.0,4.97,1.82,0.0,-1.0
1095,-7865.0,-7866.0,1.0,1.0,-37.0,0.75,0.17,0.0,-1.0
1096,-7870.0,-7871.0,1.0,1.0,-37.0,0.25,0.05,0.0,-1.0
1097,-7878.0,-7879.0,1.0,1.0,48.0,13.33,4.89,0.0,-1.0
1098,-7881.0,-7882.0,1.0,1.0,-37.0,0.19,0.04,0.0,-1.0
1099,-7886.0,-7887.0,1.0,1.0,64.0,0.36,1.71,24.0,-1.0
1100,-7888.0,-7889.0,1.0,1.0,64.0,0.23,1.09,24.0,-1.0
1101,-7891.0,-7892.0,1.0,1.0,5.0,15.44,2.91,0.0,0.33
1102,-7893.0,-7894.0,1.0,1.0,64.0,0.31,1.46,24.0,-1.0
1103,-7895.0,-7896.0,1.0,1.0,64.0,0.62,2.9,24.0,-1.0
1104,-7897.0,-7898.0,1.0,1.0,64.0,0.57,2.7,24.0,-1.0
1105,-7899.0,-7900.0,1.0,1.0,64.0,0.5,2.37,24.0,-1.0
1106,-7901.0,-7902.0,1.0,1.0,64.0,0.6,2.82,24.0,-1.0
1107,-7903.0,-7904.0,1.0,1.0,64.0,0.76,3.6,24.0,-1.0
1108,-7917.0,-7918.0,1.0,1.0,48.0,2.13,0.78,0.0,-1.0
1109,-7922.0,-7923.0,1.0,1.0,64.0,0.49,2.32,24.0,-1.0
1110,-7924.0,-7925.0,1.0,1.0,5.0,14.85,5.3,0.0,35.34
1111,-7926.0,-7927.0,1.0,1.0,64.0,0.88,4.16,24.0,-1.0
1112,-7928.0,-7929.0,1.0,1.0,64.0,1.64,7.75,24.0,-1.0
1113,-7930.0,-7931.0,1.0,1.0,64.0,0.34,1.59,24.0,-1.0
1114,-7936.0,-7937.0,1.0,1.0,48.0,1.91,0.7,0.0,-1.0
1115,-7940.0,-7941.0,1.0,1.0,48.0,2.25,0.83,0.0,-1.0
1116,-7944.0,-7945.0,1.0,1.0,-37.0,0.36,0.08,0.0,-1.0
1117,-7947.0,-7948.0,1.0,1.0,-37.0,0.34,0.08,0.0,-1.0
1118,-7951.0,-7952.0,1.0,1.0,5.0,8.72,2.54,0.0,3.65
1119,-7953.0,-7954.0,1.0,1.0,-37.0,0.31,0.07,0.0,-1.0
1120,-7957.0,-7958.0,1.0,1.0,-37.0,0.19,0.04,0.0,-1.0
1121,-7967.0,-7968.0,1.0,1.0,5.0,12.64,4.34,0.0,14.56
1122,-7982.0,-7983.0,1.0,1.0,64.0,0.39,1.82,24.0,-1.0
1123,-7984.0,-7985.0,1.0,1.0,64.0,0.61,2.9,24.0,-1.0
1124,-7987.0,-7988.0,1.0,1.0,5.0,13.09,4.02,0.0,4.97
1125,-7988.0,-7989.0,1.0,1.0,64.0,1.25,5.9,24.0,-1.0
1126,-7990.0,-7991.0,1.0,1.0,64.0,1.35,6.35,24.0,-1.0
1127,-7993.0,-7994.0,1.0,1.0,64.0,1.49,7.02,36.0,-1.0
1128,-7995.0,-7996.0,1.0,1.0,64.0,0.52,2.44,24.0,-1.0
1129,-7997.0,-7998.0,1.0,1.0,64.0,1.26,5.94,24.0,-1.0
1130,-7999.0,-8000.0,1.0,1.0,64.0,1.38,6.5,24.0,-1.0
1131,-8001.0,-8002.0,1.0,1.0,64.0,1.74,8.18,24.0,-1.0
1132,-8023.0,-8024.0,1.0,1.0,5.0,13.15,4.06,0.0,5.12
1133,-8026.0,-8027.0,1.0,1.0,5.0,23.73,8.4,0.0,27.7
1134,-8035.0,-8036.0,1.0,1.0,5.0,14.9,4.28,0.0,3.39
1135,-8049.0,-8050.0,1.0,1.0,64.0,0.51,2.38,24.0,-1.0
1136,-8051.0,-8052.0,1.0,1.0,64.0,0.31,1.44,24.0,-1.0
1137,-8053.0,-8054.0,1.0,1.0,64.0,0.35,1.65,24.0,-1.0
1138,-8055.0,-8056.0,1.0,1.0,64.0,1.37,6.47,24.0,-1.0
1139,-8058.0,-8059.0,1.0,1.0,5.0,7.05,2.09,0.0,4.0
1140,-8059.0,-8060.0,1.0,1.0,64.0,0.49,2.29,24.0,-1.0
1141,-8064.0,-8065.0,1.0,1.0,5.0,6.46,1.9,0.0,3.77
1142,-8065.0,-8066.0,1.0,1.0,64.0,0.43,2.04,24.0,-1.0
1143,-8068.0,-8069.0,1.0,1.0,5.0,8.96,2.38,0.0,2.37
1144,-8069.0,-8070.0,1.0,1.0,64.0,1.75,8.26,24.0,-1.0
1145,-8073.0,-8074.0,1.0,1.0,5.0,18.24,4.76,0.0,2.18
1146,-8098.0,-8099.0,1.0,1.0,-37.0,0.5,0.11,0.0,-1.0
1147,-8102.0,-8103.0,1.0,1.0,-37.0,0.78,0.17,0.0,-1.0
1148,-8114.0,-8115.0,1.0,1.0,-37.0,0.96,0.21,0.0,-1.0
1149,-8133.0,-8134.0,1.0,1.0,5.0,72.45,18.33,0.0,1.93
1150,-8141.0,-8142.0,1.0,1.0,48.0,8.44,3.1,0.0,-1.0
1151,-8146.0,-8147.0,1.0,1.0,48.0,1.87,0.69,0.0,-1.0
1152,-8150.0,-8151.0,1.0,1.0,48.0,1.28,0.47,0.0,-1.0
1153,-8161.0,-8162.0,1.0,1.0,-37.0,1.34,0.29,0.0,-1.0
1154,-8168.0,-8169.0,1.0,1.0,5.0,17.12,3.27,0.0,0.52
1155,-8171.0,-8172.0,1.0,1.0,-37.0,0.51,0.11,0.0,-1.0
1156,-8182.0,-8183.0,1.0,1.0,48.0,28.08,10.3,0.0,-1.0
1157,-8200.0,-8201.0,1.0,1.0,-37.0,0.52,0.11,0.0,-1.0
1158,-8215.0,-8216.0,1.0,1.0,5.0,3.31,1.09,0.0,8.65
1159,-8218.0,-8219.0,1.0,1.0,-37.0,0.14,0.03,0.0,-1.0
1160,-8225.0,-8226.0,1.0,1.0,5.0,4.32,1.24,0.0,3.39
1161,-8234.0,-8235.0,1.0,1.0,5.0,2.66,0.8,0.0,4.38
1162,-8239.0,-8240.0,1.0,1.0,-37.0,0.47,0.1,0.0,-1.0
1163,-8242.0,-8243.0,1.0,1.0,48.0,2.7,0.99,0.0,-1.0
1164,-8250.0,-8251.0,1.0,1.0,-37.0,0.45,0.1,0.0,-1.0
1165,-8254.0,-8255.0,1.0,1.0,-37.0,0.79,0.17,0.0,-1.0
1166,-8257.0,-8258.0,1.0,1.0,-37.0,0.17,0.04,0.0,-1.0
1167,-8260.0,-8261.0,1.0,1.0,-37.0,0.38,0.08,0.0,-1.0
1168,-8263.0,-8264.0,1.0,1.0,48.0,1.8,0.66,0.0,-1.0
1169,-8271.0,-8272.0,1.0,1.0,64.0,0.31,1.45,24.0,-1.0
1170,-8274.0,-8275.0,1.0,1.0,5.0,7.09,2.19,0.0,5.14
1171,-8276.0,-8277.0,1.0,1.0,5.0,80.07,29.22,0.0,204.43
1172,-8277.0,-8278.0,1.0,1.0,64.0,0.66,3.09,24.0,-1.0
1173,-8279.0,-8280.0,1.0,1.0,64.0,0.81,3.81,24.0,-1.0
1174,-8281.0,-8282.0,1.0,1.0,64.0,0.83,3.93,24.0,-1.0
1175,-8284.0,-8285.0,1.0,1.0,64.0,0.85,4.0,36.0,-1.0
1176,-8286.0,-8287.0,1.0,1.0,5.0,52.26,17.98,0.0,14.99
1177,-8288.0,-8289.0,1.0,1.0,5.0,21.39,6.68,0.0,5.51
1178,-8290.0,-8291.0,1.0,1.0,64.0,1.13,5.34,24.0,-1.0
1179,-8292.0,-8293.0,1.0,1.0,64.0,1.87,8.79,24.0,-1.0
1180,-8294.0,-8295.0,1.0,1.0,64.0,1.78,8.38,24.0,-1.0
1181,-8296.0,-8297.0,1.0,1.0,64.0,1.63,7.66,24.0,-1.0
1182,-8299.0,-8300.0,1.0,1.0,64.0,1.87,8.8,36.0,-1.0
1183,-8301.0,-8302.0,1.0,1.0,64.0,0.98,4.61,24.0,-1.0
1184,-8303.0,-8304.0,1.0,1.0,64.0,1.23,5.8,24.0,-1.0
1185,-8307.0,-8308.0,1.0,1.0,5.0,10.06,3.57,0.0,29.03
1186,-8311.0,-8312.0,1.0,1.0,48.0,1.91,0.7,0.0,-1.0
1187,-8328.0,-8329.0,1.0,1.0,5.0,12.57,4.29,0.0,12.99
1188,-8348.0,-8349.0,1.0,1.0,-37.0,0.54,0.12,0.0,-1.0
1189,-8351.0,-8352.0,1.0,1.0,-37.0,0.46,0.1,0.0,-1.0
1190,-8358.0,-8359.0,1.0,1.0,48.0,1.42,0.52,0.0,-1.0
1191,-8364.0,-8365.0,1.0,1.0,48.0,4.92,1.8,0.0,-1.0
1192,-8371.0,-8372.0,1.0,1.0,64.0,0.55,2.6,24.0,-1.0
1193,-8373.0,-8374.0,1.0,1.0,64.0,0.53,2.5,24.0,-1.0
1194,-8375.0,-8376.0,1.0,1.0,64.0,1.16,5.47,24.0,-1.0
1195,-8377.0,-8378.0,1.0,1.0,64.0,0.44,2.1,24.0,-1.0
1196,-8378.0,-8379.0,1.0,1.0,5.0,9.25,2.06,0.0,1.19
1197,-8382.0,-8383.0,1.0,1.0,5.0,11.53,3.81,0.0,8.93
1198,-8385.0,-8386.0,1.0,1.0,48.0,1.29,0.47,0.0,-1.0
1199,-8401.0,-8402.0,1.0,1.0,5.0,5.17,1.47,0.0,3.24
1200,-8403.0,-8404.0,1.0,1.0,64.0,0.6,2.83,24.0,-1.0
1201,-8405.0,-8406.0,1.0,1.0,64.0,2.55,12.01,24.0,-1.0
1202,-8407.0,-8408.0,1.0,1.0,64.0,8.3,39.12,24.0,-1.0
1203,-8409.0,-8410.0,1.0,1.0,5.0,27.87,5.43,0.0,0.62
1204,-8411.0,-8412.0,1.0,1.0,-37.0,1.41,0.31,0.0,-1.0
1205,-8429.0,-8430.0,1.0,1.0,48.0,2.36,0.87,0.0,-1.0
1206,-8433.0,-8434.0,1.0,1.0,-37.0,1.41,0.31,0.0,-1.0
1207,-8440.0,-8441.0,1.0,1.0,5.0,27.17,6.55,0.0,1.61
1208,-8445.0,-8446.0,1.0,1.0,5.0,5.84,1.55,0.0,2.37
1209,-8449.0,-8450.0,1.0,1.0,-37.0,0.3,0.07,0.0,-1.0
1210,-8454.0,-8455.0,1.0,1.0,5.0,12.3,2.88,0.0,1.43
1211,-8464.0,-8465.0,1.0,1.0,5.0,5.12,1.74,0.0,12.88
1212,-8484.0,-8485.0,1.0,1.0,5.0,24.65,7.98,0.0,7.32
1213,-8488.0,-8489.0,1.0,1.0,-37.0,0.32,0.07,0.0,-1.0
1214,-8492.0,-8493.0,1.0,1.0,48.0,2.67,0.98,0.0,-1.0
1215,-8516.0,-8517.0,1.0,1.0,48.0,18.91,6.94,0.0,-1.0
1216,-8522.0,-8523.0,1.0,1.0,-37.0,1.92,0.42,0.0,-1.0
1217,-8524.0,-8525.0,1.0,1.0,5.0,16.84,5.92,0.0,22.76
1218,-8529.0,-8530.0,1.0,1.0,-37.0,0.61,0.13,0.0,-1.0
1219,-8537.0,-8538.0,1.0,1.0,48.0,1.25,0.46,0.0,-1.0
1220,-8549.0,-8550.0,1.0,1.0,5.0,16.61,4.11,0.0,1.77
1221,-8552.0,-8553.0,1.0,1.0,-37.0,0.34,0.08,0.0,-1.0
1222,-8557.0,-8558.0,1.0,1.0,48.0,7.39,2.71,0.0,-1.0
1223,-8574.0,-8575.0,1.0,1.0,48.0,8.71,3.19,0.0,-1.0
1224,-8580.0,-8581.0,1.0,1.0,5.0,5.43,1.88,0.0,16.51
1225,-8592.0,-8593.0,1.0,1.0,48.0,1.97,0.72,0.0,-1.0
1226,-8601.0,-8602.0,1.0,1.0,64.0,0.34,1.61,24.0,-1.0
1227,-8603.0,-8604.0,1.0,1.0,64.0,0.69,3.26,24.0,-1.0
1228,-8606.0,-8607.0,1.0,1.0,64.0,0.79,3.7,36.0,-1.0
1229,-8608.0,-8609.0,1.0,1.0,5.0,9.52,3.33,0.0,20.89
1230,-8610.0,-8611.0,1.0,1.0,64.0,0.65,3.04,24.0,-1.0
1231,-8617.0,-8618.0,1.0,1.0,5.0,3.54,1.17,0.0,9.4
1232,-8622.0,-8623.0,1.0,1.0,5.0,4.67,1.19,0.0,1.99
1233,-8638.0,-8639.0,1.0,1.0,5.0,4.98,1.63,0.0,8.23
1234,-8651.0,-8652.0,1.0,1.0,-37.0,0.62,0.14,0.0,-1.0
1235,-8653.0,-8654.0,1.0,1.0,5.0,33.56,12.07,0.0,50.73
1236,-8665.0,-8666.0,1.0,1.0,48.0,1.78,0.65,0.0,-1.0
1237,-8673.0,-8674.0,1.0,1.0,48.0,5.46,2.0,0.0,-1.0
1238,-8683.0,-8684.0,1.0,1.0,-37.0,0.46,0.1,0.0,-1.0
1239,-8689.0,-8690.0,1.0,1.0,-37.0,0.87,0.19,0.0,-1.0
1240,-8693.0,-8694.0,1.0,1.0,-37.0,0.99,0.22,0.0,-1.0
1241,-8701.0,-8702.0,1.0,1.0,-37.0,0.4,0.09,0.0,-1.0
1242,-8707.0,-8708.0,1.0,1.0,48.0,3.97,1.45,0.0,-1.0
1243,-8712.0,-8713.0,1.0,1.0,48.0,2.64,0.97,0.0,-1.0
1244,-8718.0,-8719.0,1.0,1.0,64.0,0.55,2.58,24.0,-1.0
1245,-8720.0,-8721.0,1.0,1.0,64.0,0.46,2.16,24.0,-1.0
1246,-8722.0,-8723.0,1.0,1.0,64.0,0.35,1.64,24.0,-1.0
1247,-8723.0,-8724.0,1.0,1.0,5.0,8.32,2.42,0.0,3.59
1248,-8726.0,-8727.0,1.0,1.0,64.0,0.57,2.67,24.0,-1.0
1249,-8729.0,-8730.0,1.0,1.0,64.0,0.5,2.38,36.0,-1.0
1250,-8731.0,-8732.0,1.0,1.0,64.0,0.37,1.76,24.0,-1.0
1251,-8733.0,-8734.0,1.0,1.0,64.0,0.48,2.25,24.0,-1.0
1252,-8735.0,-8736.0,1.0,1.0,64.0,0.8,3.78,24.0,-1.0
1253,-8737.0,-8738.0,1.0,1.0,64.0,0.85,4.02,24.0,-1.0
1254,-8739.0,-8740.0,1.0,1.0,64.0,0.65,3.07,24.0,-1.0
1255,-8741.0,-8742.0,1.0,1.0,64.0,0.93,4.38,24.0,-1.0
1256,-8743.0,-8744.0,1.0,1.0,64.0,0.35,1.64,24.0,-1.0
1257,-8745.0,-8746.0,1.0,1.0,64.0,0.45,2.14,24.0,-1.0
1258,-8747.0,-8748.0,1.0,1.0,64.0,0.4,1.88,24.0,-1.0
1259,-8750.0,-8751.0,1.0,1.0,64.0,0.62,2.92,36.0,-1.0
1260,-8752.0,-8753.0,1.0,1.0,5.0,10.28,3.51,0.0,13.04
1261,-8755.0,-8756.0,1.0,1.0,-37.0,0.2,0.04,0.0,-1.0
1262,-8762.0,-8763.0,1.0,1.0,-37.0,0.22,0.05,0.0,-1.0
1263,-8766.0,-8767.0,1.0,1.0,-37.0,0.15,0.03,0.0,-1.0
1264,-8780.0,-8781.0,1.0,1.0,-37.0,1.46,0.32,0.0,-1.0
1265,-8789.0,-8790.0,1.0,1.0,5.0,3.91,0.99,0.0,1.94
1266,-8791.0,-8792.0,1.0,1.0,-37.0,0.3,0.06,0.0,-1.0
1267,-8796.0,-8797.0,1.0,1.0,-37.0,0.33,0.07,0.0,-1.0
1268,-8811.0,-8812.0,1.0,1.0,-37.0,0.8,0.18,0.0,-1.0
1269,-8814.0,-8815.0,1.0,1.0,48.0,2.51,0.92,0.0,-1.0
1270,-8820.0,-8821.0,1.0,1.0,5.0,2.73,0.89,0.0,7.93
1271,-8827.0,-8828.0,1.0,1.0,48.0,2.74,1.01,0.0,-1.0
1272,-8834.0,-8835.0,1.0,1.0,5.0,3.48,1.04,0.0,4.18
1273,-8837.0,-8838.0,1.0,1.0,5.0,16.88,6.05,0.0,43.52
1274,-8841.0,-8842.0,1.0,1.0,-37.0,0.18,0.04,0.0,-1.0
1275,-8843.0,-8844.0,1.0,1.0,48.0,1.97,0.72,0.0,-1.0
1276,-8860.0,-8861.0,1.0,1.0,-37.0,0.67,0.15,0.0,-1.0
1277,-8864.0,-8865.0,1.0,1.0,48.0,4.51,1.65,0.0,-1.0
1278,-8868.0,-8869.0,1.0,1.0,64.0,0.45,2.12,24.0,-1.0
1279,-8870.0,-8871.0,1.0,1.0,64.0,0.34,1.59,24.0,-1.0
1280,-8872.0,-8873.0,1.0,1.0,5.0,3.07,0.94,0.0,4.89
1281,-8874.0,-8875.0,1.0,1.0,64.0,0.41,1.93,24.0,-1.0
1282,-8876.0,-8877.0,1.0,1.0,5.0,3.15,0.88,0.0,2.88
1283,-8878.0,-8879.0,1.0,1.0,64.0,0.33,1.56,24.0,-1.0
1284,-8887.0,-8888.0,1.0,1.0,-37.0,0.43,0.09,0.0,-1.0
1285,-8896.0,-8897.0,1.0,1.0,48.0,4.06,1.49,0.0,-1.0
1286,-8905.0,-8906.0,1.0,1.0,5.0,14.57,4.56,0.0,5.6
1287,-8933.0,-8934.0,1.0,1.0,-37.0,0.31,0.07,0.0,-1.0
1288,-8944.0,-8945.0,1.0,1.0,-37.0,0.84,0.18,0.0,-1.0
1289,-8963.0,-8964.0,1.0,1.0,5.0,5.46,1.23,0.0,1.25
1290,-8964.0,-8965.0,1.0,1.0,64.0,0.46,2.17,24.0,-1.0
1291,-8966.0,-8967.0,1.0,1.0,64.0,0.8,3.78,24.0,-1.0
1292,-8969.0,-8970.0,1.0,1.0,5.0,4.63,1.23,0.0,2.39
1293,-8970.0,-8971.0,1.0,1.0,64.0,0.23,1.06,24.0,-1.0
1294,-8982.0,-8983.0,1.0,1.0,48.0,1.79,0.66,0.0,-1.0
1295,-8990.0,-8991.0,1.0,1.0,5.0,9.88,3.17,0.0,6.86
1296,-8994.0,-8995.0,1.0,1.0,-37.0,0.32,0.07,0.0,-1.0
1297,-9001.0,-9002.0,1.0,1.0,-37.0,0.39,0.09,0.0,-1.0
1298,-9009.0,-9010.0,1.0,1.0,5.0,83.67,22.34,0.0,2.41
1299,-9013.0,-9014.0,1.0,1.0,-37.0,0.39,0.08,0.0,-1.0
1300,-9017.0,-9018.0,1.0,1.0,48.0,8.43,3.09,0.0,-1.0
1301,-9021.0,-9022.0,1.0,1.0,48.0,4.59,1.68,0.0,-1.0
1302,-9030.0,-9031.0,1.0,1.0,48.0,16.53,6.06,0.0,-1.0
1303,-9035.0,-9036.0,1.0,1.0,5.0,32.24,10.07,0.0,5.54
1304,-9041.0,-9042.0,1.0,1.0,48.0,5.64,2.07,0.0,-1.0
1305,-9045.0,-9046.0,1.0,1.0,-37.0,0.45,0.1,0.0,-1.0
1306,-9049.0,-9050.0,1.0,1.0,48.0,1.55,0.57,0.0,-1.0
1307,-9066.0,-9067.0,1.0,1.0,48.0,13.85,5.08,0.0,-1.0
1308,-9070.0,-9071.0,1.0,1.0,5.0,6.98,2.41,0.0,16.28
1309,-9082.0,-9083.0,1.0,1.0,5.0,12.33,4.27,0.0,16.84
1310,-9092.0,-9093.0,1.0,1.0,-37.0,0.36,0.08,0.0,-1.0
1311,-9125.0,-9126.0,1.0,1.0,48.0,12.89,4.73,0.0,-1.0
1312,-9137.0,-9138.0,1.0,1.0,64.0,0.29,1.38,24.0,-1.0
1313,-9140.0,-9141.0,1.0,1.0,5.0,12.18,3.56,0.0,3.7
1314,-9141.0,-9142.0,1.0,1.0,64.0,0.29,1.36,24.0,-1.0
1315,-9143.0,-9144.0,1.0,1.0,64.0,0.65,3.05,24.0,-1.0
1316,-9145.0,-9146.0,1.0,1.0,64.0,0.7,3.32,24.0,-1.0
1317,-9147.0,-9148.0,1.0,1.0,64.0,0.58,2.74,24.0,-1.0
1318,-9149.0,-9150.0,1.0,1.0,64.0,0.82,3.87,24.0,-1.0
1319,-9150.0,-9151.0,1.0,1.0,64.0,0.91,4.29,12.0,-1.0
1320,-9152.0,-9153.0,1.0,1.0,5.0,19.86,4.26,0.0,1.01
1321,-9165.0,-9166.0,1.0,1.0,64.0,0.38,1.79,24.0,-1.0
1322,-9167.0,-9168.0,1.0,1.0,64.0,0.34,1.58,24.0,-1.0
1323,-9169.0,-9170.0,1.0,1.0,64.0,0.3,1.43,24.0,-1.0
1324,-9170.0,-9171.0,1.0,1.0,64.0,0.37,1.73,12.0,-1.0
1325,-9173.0,-9174.0,1.0,1.0,5.0,3.47,0.95,0.0,2.64
1326,-9175.0,-9176.0,1.0,1.0,5.0,4.54,1.51,0.0,9.46
1327,-9176.0,-9177.0,1.0,1.0,64.0,0.73,3.45,24.0,-1.0
1328,-9178.0,-9179.0,1.0,1.0,64.0,0.54,2.53,24.0,-1.0
1329,-9180.0,-9181.0,1.0,1.0,64.0,0.69,3.24,24.0,-1.0
1330,-9183.0,-9184.0,1.0,1.0,5.0,20.36,5.37,0.0,2.28
1331,-9183.0,-9184.0,1.0,1.0,64.0,0.83,3.89,24.0,-1.0
1332,-9185.0,-9186.0,1.0,1.0,64.0,0.68,3.23,24.0,-1.0
1333,-9187.0,-9188.0,1.0,1.0,5.0,13.02,4.42,0.0,12.12
1334,-9189.0,-9190.0,1.0,1.0,64.0,0.37,1.75,24.0,-1.0
1335,-9191.0,-9192.0,1.0,1.0,64.0,0.49,2.33,24.0,-1.0
1336,-9203.0,-9204.0,1.0,1.0,5.0,23.49,8.07,0.0,14.6
1337,-9211.0,-9212.0,1.0,1.0,-37.0,5.8,1.27,0.0,-1.0
1338,-9218.0,-9219.0,1.0,1.0,5.0,20.42,4.24,0.0,0.88
1339,-9225.0,-9226.0,1.0,1.0,5.0,155.95,53.42,0.0,13.96
1340,-9241.0,-9242.0,1.0,1.0,5.0,7.73,1.77,0.0,1.32
1341,-9243.0,-9244.0,1.0,1.0,-37.0,0.28,0.06,0.0,-1.0
1342,-9246.0,-9247.0,1.0,1.0,-37.0,0.45,0.1,0.0,-1.0
1343,-9256.0,-9257.0,1.0,1.0,48.0,20.11,7.38,0.0,-1.0
1344,-9273.0,-9274.0,1.0,1.0,-37.0,0.29,0.06,0.0,-1.0
1345,-9277.0,-9278.0,1.0,1.0,-37.0,1.74,0.38,0.0,-1.0
1346,-9290.0,-9291.0,1.0,1.0,-37.0,0.39,0.09,0.0,-1.0
1347,-9298.0,-9299.0,1.0,1.0,48.0,2.73,1.0,0.0,-1.0
1348,-9303.0,-9304.0,1.0,1.0,64.0,0.72,3.41,24.0,-1.0
1349,-9305.0,-9306.0,1.0,1.0,64.0,0.53,2.48,24.0,-1.0
1350,-9307.0,-9308.0,1.0,1.0,64.0,0.83,3.93,24.0,-1.0
1351,-9309.0,-9310.0,1.0,1.0,64.0,0.36,1.71,24.0,-1.0
1352,-9311.0,-9312.0,1.0,1.0,64.0,0.8,3.78,24.0,-1.0
1353,-9318.0,-9319.0,1.0,1.0,48.0,8.11,2.97,0.0,-1.0
1354,-9325.0,-9326.0,1.0,1.0,64.0,0.76,3.6,24.0,-1.0
1355,-9327.0,-9328.0,1.0,1.0,64.0,0.56,2.62,24.0,-1.0
1356,-9329.0,-9330.0,1.0,1.0,64.0,0.65,3.04,24.0,-1.0
1357,-9331.0,-9332.0,1.0,1.0,64.0,0.71,3.36,24.0,-1.0
1358,-9334.0,-9335.0,1.0,1.0,64.0,0.73,3.46,36.0,-1.0
1359,-9340.0,-9341.0,1.0,1.0,48.0,3.04,1.11,0.0,-1.0
1360,-9344.0,-9345.0,1.0,1.0,64.0,0.94,4.42,24.0,-1.0
1361,-9347.0,-9348.0,1.0,1.0,64.0,0.42,1.98,36.0,-1.0
1362,-9349.0,-9350.0,1.0,1.0,64.0,0.61,2.86,24.0,-1.0
1363,-9351.0,-9352.0,1.0,1.0,64.0,0.34,1.62,24.0,-1.0
1364,-9352.0,-9353.0,1.0,1.0,5.0,6.69,1.66,0.0,1.8
1365,-9358.0,-9359.0,1.0,1.0,48.0,2.38,0.87,0.0,-1.0
1366,-9373.0,-9374.0,1.0,1.0,48.0,3.93,1.44,0.0,-1.0
1367,-9378.0,-9379.0,1.0,1.0,48.0,2.94,1.08,0.0,-1.0
1368,-9386.0,-9387.0,1.0,1.0,-37.0,0.19,0.04,0.0,-1.0
1369,-9388.0,-9389.0,1.0,1.0,48.0,13.84,5.08,0.0,-1.0
1370,-9395.0,-9396.0,1.0,1.0,5.0,42.97,12.66,0.0,3.85
1371,-9402.0,-9403.0,1.0,1.0,5.0,12.57,3.95,0.0,5.81
1372,-9411.0,-9412.0,1.0,1.0,-37.0,1.08,0.24,0.0,-1.0
1373,-9418.0,-9419.0,1.0,1.0,5.0,11.22,2.29,0.0,0.81
1374,-9421.0,-9422.0,1.0,1.0,48.0,6.07,2.23,0.0,-1.0
1375,-9427.0,-9428.0,1.0,1.0,48.0,5.23,1.92,0.0,-1.0
1376,-9433.0,-9434.0,1.0,1.0,48.0,5.29,1.94,0.0,-1.0
1377,-9439.0,-9440.0,1.0,1.0,48.0,6.75,2.48,0.0,-1.0
1378,-9450.0,-9451.0,1.0,1.0,-37.0,0.44,0.1,0.0,-1.0
1379,-9463.0,-9464.0,1.0,1.0,5.0,5.65,1.38,0.0,1.7
1380,-9476.0,-9477.0,1.0,1.0,-37.0,0.22,0.05,0.0,-1.0
1381,-9491.0,-9492.0,1.0,1.0,-37.0,9.13,2.0,0.0,-1.0
1382,-9493.0,-9494.0,1.0,1.0,5.0,57.9,20.91,0.0,63.37
1383,-9496.0,-9497.0,1.0,1.0,-37.0,2.89,0.63,0.0,-1.0
